NodeCount,PathLength,SimCnt,CompileTime,KeyGenerationTime,EncryptionTime,ExecutionTime,DecryptionTime,ReferenceExecutionTime,Mse
36,1,0,0.22304200001599384,73.74866699996119,18.61812499998905,3.6121250000178406,10.450042000002213,1.999207999972441,6.664138529342092e-10
36,1,1,0.1774579999960224,34.40866699997969,19.69520900001953,3.126000000008844,10.564541999997346,1.9122090000109893,2.208675724317488e-09
36,1,2,0.18483299999161318,24.15633399999706,18.10366699999122,2.9406250000079126,10.27612500001851,1.7095000000040272,8.850163987507147e-10
36,1,3,0.17687500002239176,22.20491699995364,18.308916999956182,3.0424170000173945,10.188457999959155,1.7770829999790294,1.9556051232141577e-09
36,1,4,0.18549999998640487,22.56491600002164,18.132458999957635,2.9597089999811033,10.042666999993344,1.6763749999881838,5.596832145875171e-10
36,1,5,0.17550000001165245,23.771584000030543,17.80995800004348,2.8486250000128166,10.039917000028709,1.6810829999940324,1.3567652510667884e-09
36,1,6,0.19991699997490286,22.68866600002184,17.64850000000706,2.842000000043754,9.997542000007797,1.6300409999985277,1.3692090827291942e-09
36,1,7,0.16745800002126998,22.638874999984182,17.80949999999848,2.9395420000355443,9.920582999995986,1.681207999979506,7.159320414849503e-09
36,1,8,0.19245799995815105,22.434707999991588,17.90541600001916,2.8520419999722435,9.902874999966116,1.7658329999790112,3.6841986203977976e-09
36,1,9,0.17524999998386193,24.033792000011545,17.23783300002424,2.77045799998632,9.740041999975801,1.6526670000303056,5.198506025692478e-10
36,1,10,0.16512500002363595,21.580124999957206,17.15258299998368,2.826625000011518,9.530958000027567,1.5477919999966616,3.3030970621738497e-09
36,1,11,0.17104099998732636,22.64750000000504,17.229124999971646,2.720791999990979,9.528291999970406,1.5659160000041084,1.1429113435626072e-09
36,1,12,0.17545800000107192,21.893500000032873,19.327166999971723,2.8401249999774336,9.78624999999056,1.5695419999701699,7.160475683631039e-10
36,1,13,0.16133400004036957,21.737166999969304,18.375208000009025,3.0375000000049113,10.785167000051388,1.7342919999805417,1.3111735840411385e-09
36,1,14,0.22791599997162848,21.454916999971374,16.998000000000957,2.7300000000423097,9.69604099998378,1.576416999967023,3.758017148126006e-09
36,1,15,0.16425000001163426,23.056041000018013,17.099707999989278,2.7554170000030354,9.49229199994761,1.553791999981513,2.2197326083614805e-09
36,1,16,0.18979199995783347,22.50374999999849,17.09308299996337,2.733207999995102,9.690083000009508,1.572833000011542,8.561602896610419e-10
36,1,17,0.1632089999930031,22.449666999989404,17.254041000001052,2.779541999984758,9.698042000024998,1.6013750000070104,3.374522088311588e-09
36,1,18,0.16195800003515615,22.297000000037315,16.983290999974088,2.7174169999852893,9.571375000007265,1.5688749999753782,7.650433150837238e-10
36,1,19,0.1627500000154214,22.816875000046366,17.327582999996594,2.7299590000211538,9.477875000015956,1.5489169999796104,8.784068663157326e-10
36,1,20,0.16116599999804748,21.98500000002923,17.02375000002121,2.739915999995901,9.55154199999697,1.5536250000423024,1.6566299309397498e-09
36,1,21,0.19674999998642306,22.499208999988696,17.40262500004519,2.707833999977538,9.512167000025329,1.5587499999583088,1.5035667808023567e-09
36,1,22,0.22104200002104335,21.311083000000508,17.175084000029983,2.716000000020813,9.684042000003501,1.5715409999756957,1.1902995787311454e-09
36,1,23,0.16274999995857797,21.487917000001744,16.998999999998432,2.7099590000148055,9.511292000013327,1.5525000000025102,1.851245270925012e-09
36,1,24,0.16470899998921595,21.48975000000064,17.107959000043138,2.7062919999707447,9.612042000014753,1.551333000008981,1.137082882011545e-09
36,1,25,0.16004099995825527,21.241832999976396,17.316042000004472,3.127833999997165,11.213125000040236,1.7853330000434653,7.664266163078374e-10
36,1,26,0.1909999999725187,21.733417000007194,16.92016699996657,2.708625000025222,9.591209000006984,1.5668340000161152,7.527526239049509e-10
36,1,27,0.17866700000013225,21.848499999975957,17.11424999996325,2.7488750000088658,9.668041999987054,1.6694170000164377,5.449283243487806e-10
36,1,28,0.16195800003515615,21.951500000000124,17.775792000009005,2.7835409999852345,9.61562499998081,1.6041249999716456,8.602319819282833e-10
36,1,29,0.15954199994894225,21.597958999961975,17.13812500003087,2.7405839999801174,9.693749999996726,1.5835000000379296,6.749156759706429e-10
36,1,30,0.16858300000421877,22.120500000028187,17.973874999995587,3.119207999986884,10.874791999981426,1.733791999981804,9.450850304671867e-10
36,1,31,0.16958300000169402,22.38058400001819,16.975250000029973,2.712041999984649,9.522916999969766,1.5524170000276172,4.102604517343492e-09
36,1,32,0.15704200001209756,21.16416600000548,17.2597499999938,2.778416999944966,9.690417000001617,1.5771669999935511,1.0313554644020775e-09
36,1,33,0.1699999999686952,21.60254199998235,16.930041000023266,2.6989589999857344,9.537500000021737,1.589333000026727,7.172305069433482e-10
36,1,34,0.1602909999860458,21.35341600001084,16.947582999989663,2.729125000030308,9.476667000001271,1.551291999987825,3.776223036907138e-09
36,1,35,0.18250000005082256,21.616999999992004,17.019417000028625,2.7307919999657315,9.522958999980347,1.551417000030142,8.052753010881691e-10
36,1,36,0.1605420000032609,21.1888750000071,16.96275000000469,2.70575000001827,9.55504099999871,1.560167000036472,4.192449002974695e-09
36,1,37,0.15912499998194107,21.28233299998783,16.906875000017862,2.6964580000026217,9.510250000005271,1.553041999954985,5.923578799336972e-10
36,1,38,0.179709000008188,21.689292000019122,17.058667000014793,2.714290999961122,9.78312500001266,1.5715830000431197,1.2927420904467539e-09
36,1,39,0.16266699998368495,21.54112499999883,17.048499999987143,2.7321249999658903,9.518458999991708,1.5503750000220862,1.0467102045643723e-09
36,1,40,0.16620799999600422,21.658542000011494,17.03491699998949,2.7372499999955835,9.526166999989982,1.5550830000279348,1.314269566800556e-09
36,1,41,0.1704579999568523,21.667583000009927,17.114959000025465,2.7069999999866923,9.545250000030592,1.5458750000334476,1.6067058485469434e-09
36,1,42,0.16399999998384374,21.51233299997557,17.091166000000158,2.7049580000380047,9.549250000020493,1.5534999999999854,2.1091275678328735e-09
36,1,43,0.16483300004210832,21.440249999955086,17.17870900000662,2.7252919999796177,9.554125000022395,1.5565420000029917,1.2909708217085162e-09
36,1,44,0.16854099999363825,21.529165999993438,17.09295800003474,2.762249999989308,9.681458999978076,1.5673749999791653,9.085111938201026e-10
36,1,45,0.16070800000989038,21.47399999995514,17.31562500003747,2.7175409999813382,9.504625000033684,1.5526669999985643,1.5931252611909794e-09
36,1,46,0.27949999997645136,21.767582999984825,18.429958000012903,2.7219589999845084,9.555207999994764,1.5431659999762815,1.051918473282762e-09
36,1,47,0.1620840000100543,21.294124999997166,16.89783400001943,2.701208000019051,10.674875000006523,1.6939999999863176,1.8167509654564468e-09
36,1,48,0.17379199999822958,23.488249999957134,17.11449999999104,2.711417000000438,9.499624999989464,1.5462079999792877,2.1620160548172314e-09
36,1,49,0.1627919999691585,21.79599999999482,17.01354099998298,2.6990000000068903,9.547084000018913,1.5437500000530235,2.0886059122726436e-09
36,1,50,0.1742919999969672,21.409875000017564,17.098708999981227,2.7724160000275333,9.599250000007942,1.5666250000094806,9.569893600712336e-10
36,1,51,0.16791699999885168,21.57929200001263,16.951040999970246,2.703042000007372,9.641791999968063,1.572375000023385,1.4157695639318443e-09
36,1,52,0.1641249999693173,21.680084000024635,17.09183299999495,2.733125000020209,9.497665999958826,1.5397500000062792,7.920170120001063e-10
36,1,53,0.16145900002584312,21.882374999961485,17.1732919999954,2.7082499999551146,9.51395900000307,1.580416999956924,8.817334430489733e-10
36,1,54,0.1621249999743668,21.31287499997825,17.001416999960384,2.7203330000133974,9.578750000002856,1.5393339999718592,1.2140877497395715e-09
36,1,55,0.15095800000608506,21.413417000019308,17.32899999996107,2.7201249999961874,9.51595899999802,1.603832999990118,6.03336312703612e-10
36,1,56,0.16349999998510611,21.687832999987222,17.275917000006302,2.7650000000107866,9.788584000034461,1.5976249999880565,9.610900486332849e-10
36,1,57,0.16283399997973902,21.890833999975712,17.056125000010525,2.715625000007549,9.530249999954776,1.6015410000136399,2.7585726851979395e-09
36,1,58,0.16399999998384374,21.750917000019854,17.15370800002347,2.7382499999930587,9.508499999981268,1.5652089999775853,6.829981608604342e-10
36,1,59,0.16645900001321934,21.645417000002,17.07204100000581,2.73712500001011,9.852958000010403,1.6126660000281845,2.2073959288021402e-09
36,1,60,0.17016600003216809,22.194291999994675,19.632500000000164,3.2227909999846815,10.518750000017008,1.8993329999830166,5.901837933095286e-10
36,1,61,0.19037499998830754,21.673958000008042,17.365083000015602,2.7566250000177206,9.717375000036554,1.5787500000215005,4.005380532766901e-09
36,1,62,0.16845900000816982,21.295083000040904,17.340041000011297,2.795666999986679,9.50962500002106,1.5420409999933327,1.5353126948801238e-09
36,1,63,0.16170800000736563,21.787166999956753,17.08554100002857,2.72499999999809,9.735458000022845,1.5995419999512706,4.300433678781839e-09
36,1,64,0.16337499999963256,21.76350000002003,17.24854100001494,2.7551249999646643,9.68916600004377,1.6110000000253422,1.5784362469899233e-09
36,1,65,0.17883300000676172,24.070916000027864,17.100916999993387,2.739958999995906,9.575374999997166,1.6298749999918982,1.310492207834415e-09
36,1,66,0.16379199996663374,22.085625000045184,16.922292000003836,2.6984169999764163,9.515415999999277,1.6089579999629677,1.8066989425693001e-09
36,1,67,0.159166000003097,21.48504199999479,17.143457999964085,2.736374999983582,9.758625000017673,1.5967090000117423,1.4404437502886186e-09
36,1,68,0.15504200001714707,21.274584000025243,17.13058299998238,2.7077500000132204,9.606875000031323,1.5580830000203605,9.920739009667918e-10
36,1,69,0.16066599999930986,21.580832999973154,16.997624999987693,2.696124999999938,9.642374999998538,1.5535419999537226,1.7100137934041167e-09
36,1,70,0.1780840000265016,21.65858399996523,18.75479099999211,2.946750000035081,9.734750000006898,2.7330419999884725,1.3936759337631874e-09
36,1,71,0.2000000000066393,21.73066599999629,17.18041600003062,2.748249999967811,9.601208999981736,1.5778750000094988,9.738020477505085e-10
36,1,72,0.17645799999854717,22.00058400001126,17.532375000030243,2.7107920000162267,9.53129100003025,1.5685829999938505,8.712481172739484e-10
36,1,73,0.16595800002505712,21.71695900000259,17.162833999975646,2.783040999986497,9.775042000001122,1.5956659999574185,1.026045688318907e-09
36,1,74,0.17004200003611913,22.005874999990738,17.028457999970215,2.764500000012049,9.793124999987413,1.5961670000024242,7.23668336207867e-10
36,1,75,0.16537499999458305,21.710750000011103,17.317291999972895,2.794667000046047,9.726166999996622,1.579250000020238,2.1395673138821754e-09
36,1,76,0.1702089999753298,21.920500000021548,17.336457999988397,2.7743330000475908,9.764666999956262,1.5915839999820491,6.963245370164942e-10
36,1,77,0.1652500000091095,21.30162499997823,17.403541000021505,2.938165999978537,9.550749999959862,1.5648329999748967,1.749904398376805e-09
36,1,78,0.16720800005032288,21.82500000003529,17.164999999977226,2.705915999968056,9.602207999989787,1.5690839999820128,5.704611802337032e-10
36,1,79,0.1618340000391072,21.45345800005316,17.25754199998164,2.741582999988168,9.49766600001567,1.5378340000324897,4.083787800211359e-09
36,1,80,0.1688330000320093,21.884833000001436,18.317542000033882,3.226917000006324,10.352917000034267,1.5975420000131635,1.907550580095039e-09
36,1,81,0.16425000001163426,22.217042000022502,16.945416999988083,2.790666000009878,9.527499999990141,1.5787079999540765,2.467727160423892e-09
36,1,82,0.1699590000043827,24.75183400002834,17.535374999965825,2.769791999980953,9.751749999963977,1.5859999999747743,1.2416369015902153e-09
36,1,83,0.16837499998700878,21.62879200000134,17.543541999998524,2.741207999974904,9.639584000012746,1.6261659999941003,6.837704077468034e-10
36,1,84,0.1643749999971078,21.945874999971693,17.1028750000346,2.72674999996525,9.589500000004136,1.5634160000104202,1.1100333888385974e-09
36,1,85,0.1875840000025164,21.6014169999994,17.21020799999451,2.799291999963316,9.603707999986,1.622917000020152,1.4753037053921412e-09
36,1,86,0.16220800000610325,21.653417000038644,17.004708000001756,2.7260830000273018,9.664790999977413,1.572791999990386,7.517705212687808e-10
36,1,87,0.16716599998289894,21.86837499999683,16.977084000018294,2.70412499997974,9.554625000021133,1.570458999992752,6.024693908133229e-10
36,1,88,0.1619169999571568,21.831749999989825,17.128499999955693,2.7745410000079573,9.697333000019626,1.5841659999864532,8.360750794602842e-10
36,1,89,0.17129200000454148,21.86558400001104,17.210166999973353,2.725457999986247,9.570708000012473,1.6379579999465932,1.0145637067096456e-09
36,1,90,0.16245899996647495,21.814790999997058,16.992166999955316,2.756832999978087,9.607666000022164,1.5783750000082364,1.927128576523226e-09
36,1,91,0.16749999997500709,21.913833000041905,17.14987499997278,2.784416999986661,9.51279200000954,1.5447499999936554,1.4232250935739336e-09
36,1,92,0.16625000000658474,21.616083999958846,17.00016699999196,2.7198330000146598,9.729542000002311,1.636791999999332,5.684502152414262e-10
36,1,93,0.16875000000027285,22.04783399997723,17.34270800000104,2.7383749999785323,9.585708000031445,1.5799999999899228,1.9810560428703166e-09
36,1,94,0.17395800000485906,21.598333000042658,17.21250000002783,2.777874999992491,10.61758300005522,1.8564580000202113,7.061246130979584e-10
36,1,95,0.17908400002397684,22.781582999982675,17.365250000011656,2.743082999984381,9.57908300000554,1.5542499999696702,1.253001309448862e-09
36,1,96,0.16449999998258136,31.25404200000048,17.166250000002492,2.724125000042932,9.822374999998829,1.6172499999811407,1.151928121970081e-09
36,1,97,0.23708300000180316,21.93745800002489,17.4310830000195,2.7130419999821243,9.691624999959458,1.5888749999817264,3.638494790166707e-09
36,1,98,0.16191700001400022,22.003874999995787,17.40991600001962,2.771375000008902,9.850125000014032,1.8076670000368722,1.1774269038700058e-09
36,1,99,0.17824999997628765,24.053499999979522,17.410291999965466,2.7350839999940035,9.559542000033616,1.6221660000041993,1.1338280118573307e-09
40,1,0,0.16645800002379474,21.54779100004589,16.92258299999594,2.7395000000183245,9.580458000016279,1.5528330000051938,8.418440751676214e-10
40,1,1,0.18074999996997576,22.042165999948793,17.29649999998628,2.761040999985198,9.730459000024894,1.6281669999784754,6.711868109109875e-10
40,1,2,0.17304200002854486,21.432415999981913,17.03987500002313,2.7242910000495613,9.594416000027195,1.5593749999993634,2.270721460188079e-09
40,1,3,0.16066699998873446,21.6005419999874,17.280458000016097,2.7624159999959375,9.765625,1.574749999974756,2.9731836225571865e-09
40,1,4,0.15929099998857055,21.50708400000667,17.372916999988774,2.7762080000002243,9.709584000006544,1.579167000045345,6.790605624679005e-10
40,1,5,0.17370800003391196,21.966415999997935,17.177875000015774,2.7234160000375596,9.5517080000036,1.5758750000145483,8.295561663440537e-10
40,1,6,0.177875000019867,22.557667000000947,17.430250000018077,2.82612500001278,9.537000000023,1.5618749999930515,6.10878971497776e-10
40,1,7,0.2083329999891248,21.647000000029948,17.802291999998943,2.9106659999911244,10.248750000016571,1.693625000029897,1.1475494206014394e-09
40,1,8,0.16479099997468438,22.55854200001295,18.126207999955568,2.8882499999554057,10.081667000008565,1.687542000013309,1.194156073439556e-09
40,1,9,0.1711669999622245,22.805667000000085,17.938874999970267,2.9182499999933498,10.050707999994302,1.6365419999715414,2.2061246668085806e-09
40,1,10,0.1900830000067799,23.026791000006597,18.180666000034762,2.93575000000601,10.199166999996123,1.7052080000325986,7.218570528717332e-10
40,1,11,0.22016700000904166,23.577125000031174,18.22999999996,2.934499999980744,10.185000000035416,1.7280420000247432,1.2292013434332177e-09
40,1,12,0.1825830000257156,23.188457999992806,17.948084000011022,2.948790999994344,10.223582999969949,1.7238749999819447,9.387480137840021e-10
40,1,13,0.1742910000075426,23.814458000003924,18.374791999974605,3.1362499999545435,10.229584000001068,1.7467089999740892,5.876243081129695e-10
40,1,14,0.18449999998892963,25.11749999996482,18.487915999969573,2.96670899996343,10.304958000006081,1.6927909999822077,4.6248348546027096e-09
40,1,15,0.2732080000100723,24.035541999978705,19.60233300002301,3.2013750000032815,10.767041999997673,1.737832999992861,1.1588988305347197e-09
40,1,16,0.21358399999371613,22.981125000001157,17.969582999967315,2.9208749999725114,10.210165999978926,1.7032910000125412,1.2381773527358144e-09
40,1,17,0.19291699999257617,23.0316660000085,18.0440000000317,3.1115410000097654,10.295750000011594,1.7802919999780897,1.7418757122295366e-09
40,1,18,0.18954099999746177,23.07562499998994,18.037875000004533,2.9235840000296776,9.841459000028863,1.6459579999832386,1.0202067295732096e-09
40,1,19,0.19533300002194665,23.87866699996266,17.05954199996995,2.7235419999556143,9.537125000008473,1.558292000026995,2.2281586877235953e-09
40,1,20,0.16108300002315445,21.747333999996954,16.97087500002681,2.8327080000281057,9.55262499996934,1.597333000006529,3.0990855145065916e-09
40,1,21,0.1591669999925216,21.652167000013378,17.204792000029556,2.7667499999779466,9.743542000023808,1.575083000034283,7.794237082067142e-10
40,1,22,0.16316700003926599,21.573875000001408,16.915165999989767,2.74904200000492,9.532625000019834,1.56854099998327,3.5382307415572714e-09
40,1,23,0.16237500000215732,21.35383299997784,17.250750000016524,2.77725000000828,9.669000000030792,1.593500000012682,1.7126334993076339e-09
40,1,24,0.17962499998702697,21.467625000013868,16.99558299998216,2.6978340000027856,9.596082999962618,1.5804999999886604,2.3037547276256233e-09
40,1,25,0.16279100003657732,21.276042000010875,17.181832999995095,2.7649159999896256,9.70683299999564,1.568041999973957,1.1945449310646618e-09
40,1,26,0.162959000022056,21.5959579999776,17.161665999992692,2.7376250000088476,9.708125000031487,1.6092500000013388,1.0522231977246872e-09
40,1,27,0.1595830000269416,21.24066699997229,16.90000000002101,2.7008339999952113,9.525750000022981,1.5564170000175181,9.652890405494441e-10
40,1,28,0.17570799997201902,23.812832999965394,19.274458000040795,3.0642919999763762,9.524833999989823,1.5659580000146889,7.242571357306082e-10
40,1,29,0.16291599996520745,21.19554099999732,17.855583999960345,2.7927920000365702,9.910666999985551,1.5987920000384293,2.225586831668221e-09
40,1,30,0.18508299996256028,21.42583300002343,17.641875000038,2.893708000044626,9.761041999979625,1.6200840000237804,7.369076468993188e-10
40,1,31,0.1560000000040418,21.83354099997814,16.993915999989895,2.746291999983441,9.56520899995894,1.5598340000337885,3.208037015887659e-09
40,1,32,0.17866700000013225,24.036042000034286,19.25433299999213,2.9981250000332693,10.075374999985343,1.5960830000381065,1.7770751975978976e-09
40,1,33,0.1614170000152626,23.980332999997245,17.10266700001739,2.795957999978782,9.573375000002216,1.5763330000027054,3.932357026887257e-09
40,1,34,0.15912499998194107,21.27545800004782,17.30233299997508,2.838209000003644,9.918874999982563,1.606041999991703,1.8335952927245541e-09
40,1,35,0.16066599999930986,21.7654580000044,16.958791999968525,3.022708000003149,9.60737500003006,1.556042000004254,7.344716427052252e-10
40,1,36,0.18933399996967637,21.385209000015948,17.247917000020152,2.75099999998929,9.929416999966634,1.5722080000273309,2.2632758866627015e-09
40,1,37,0.15904200000704805,21.343624999985877,17.243041000028825,2.8209160000187694,9.843249999960335,1.5610410000022057,1.059179255664849e-09
40,1,38,0.15908400001762857,21.768916999974408,16.890166999985468,2.6945829999931448,9.503749999964839,1.5812089999940326,6.736638000229525e-10
40,1,39,0.1564579999921989,22.542416000021603,16.968582999993487,2.709834000029332,9.58420799997839,1.544874999979129,1.2031181142214285e-09
40,1,40,0.1668340000264834,21.668707999992876,16.911042000003818,2.7114160000110132,9.533916999998837,1.562083999999686,9.796575561868494e-10
40,1,41,0.15729200003988808,21.41383399998631,18.14875000002303,2.740291000009165,9.704957999986163,1.5817919999676633,1.4877287433711934e-09
40,1,42,0.16212500003121022,21.870125000020835,17.21116700002767,2.732624999964628,9.529041999996934,1.5842500000076143,7.75553450396977e-10
40,1,43,0.1584999999977299,21.711915999958364,16.933542000003854,2.732750000006945,9.624125000016193,1.5831669999784026,1.2928777742353415e-09
40,1,44,0.15945799998462462,21.387958999980583,17.236374999981763,2.7510419999998703,9.724416999972618,1.574500000003809,1.732330583282776e-09
40,1,45,0.15491700003167352,21.152832999973725,17.215832999966096,2.745708000020386,9.6112909999988,1.5596659999914664,7.139512585981624e-10
40,1,46,0.15641599998161837,21.72445799999423,17.29333400004407,2.7775419999898077,9.686332999990555,1.5842909999719268,8.442426567396489e-10
40,1,47,0.15675000003056994,21.034665999991375,17.886832999977287,2.973542000006546,9.796332999997048,1.572791999990386,9.31675482903722e-10
40,1,48,0.16066699998873446,21.311667000020407,17.222416000038265,2.7431669999486985,9.709250000014435,1.591332999964834,7.632202927874694e-10
40,1,49,0.15974999996615225,23.868499999991855,18.556624999973792,2.69145900000467,9.528499999987616,1.5352499999607971,1.1834257905091152e-09
40,1,50,0.16383300004463308,21.55312499996853,16.88058400003456,2.7165419999732876,9.575165999990531,1.545833000022867,1.4045327204713013e-09
40,1,51,0.16024999996488987,21.652541000037218,17.05175000000736,2.7227919999859296,9.556083000006765,1.5459589999977652,2.1134291953237176e-09
40,1,52,0.16258300001936732,21.45870900000091,16.89166699998168,2.6889580000215574,9.582957999953123,1.547207999976763,6.794072699831389e-10
40,1,53,0.15595799999346127,21.069792000048437,16.954999999995835,2.735625000013897,9.514500000022963,1.5758749999577049,5.974300585252161e-10
40,1,54,0.16012500003625973,21.19562500001848,16.903667000008227,2.6914999999689826,9.541249999983847,1.539292000018122,6.764356782169365e-10
40,1,55,0.16916599997784942,21.382874999972046,16.90595799999528,2.7236249999873507,9.504332999995313,1.5659580000146889,1.6621173034346247e-09
40,1,56,0.15991699996220632,21.52762499997607,17.22125000003416,2.803166000035162,9.527459000025829,1.5568329999950947,5.858071277949273e-10
40,1,57,0.15104199997040268,21.011874999999236,16.93174999996927,2.6983330000120986,9.510416000011901,1.5609999999810498,2.665705441801169e-09
40,1,58,0.1553749999629872,20.967958000028375,16.902375000029224,2.69483400001036,9.528375000002143,1.5669169999910082,9.344926869132218e-10
40,1,59,0.18362499997692794,21.047541999962505,16.85908299998573,2.6935829999956695,9.543084000029012,1.5470829999912894,1.1639641501112536e-09
40,1,60,0.15812499998446583,21.76404200002935,17.23095900001681,2.762165999968147,9.715499999970234,1.587083000003986,1.2368427457316704e-09
40,1,61,0.15566700000135825,21.554250000008324,17.027208999991217,2.9893330000163587,9.604416999991372,1.556000000050517,2.343496984021976e-09
40,1,62,0.15441699997609248,21.309625000014876,17.297541999994337,2.7810420000378144,10.548874999983582,1.8787920000136182,1.0138393897070059e-09
40,1,63,0.20825000001423177,22.739500000000135,16.873124999960964,2.7306659999908334,9.578374999989592,1.5397500000062792,2.4934348616006374e-09
40,1,64,0.1667910000264783,21.177125000008346,17.083500000012464,2.751999999986765,9.710499999982858,1.5837079999982961,2.288450656897789e-09
40,1,65,0.17783399999871108,21.4369590000274,17.188167000028898,2.7201249999961874,9.658457999989878,1.5795000000480286,1.6952704385421611e-09
40,1,66,0.16362500002742308,25.432249999994383,18.933457999992243,2.7661249999937354,9.554417000003923,1.5386250000233304,2.1309398294592174e-09
40,1,67,0.1645840000037424,21.874125000010736,17.176209000012932,2.707208999993327,9.513249999997697,1.5422499999999673,1.8151413602486942e-09
40,1,68,0.15954200000578567,21.45008300004747,16.912624999974923,2.694999999960146,9.556459000009454,1.5404160000116462,1.0293413761208648e-09
40,1,69,0.16241700001273784,21.81604099996548,17.22858300001917,2.7672079999661037,9.677082999985487,1.5755839999656018,1.4139472940445676e-09
40,1,70,0.16441700000768833,21.758666000039284,17.182749999960834,2.758083000003353,9.721042000023772,1.5657920000080594,3.84596460612289e-09
40,1,71,0.16066599999930986,21.538291000013032,16.866499999991902,2.721208000025399,9.532040999999936,1.5297090000103708,8.85615264511019e-10
40,1,72,0.1519589999929849,21.383667000009154,16.880875000026663,2.6984159999869917,9.538333000023158,1.5437920000067606,1.048476848031619e-09
40,1,73,0.1592079999568341,21.341332999952556,17.188499999974738,2.792917000022044,9.717874999978449,1.570749999984855,7.961192969580821e-10
40,1,74,0.15516700000262063,21.2184580000212,16.924333000019942,2.7046670000459017,9.537707999982104,1.5589579999755188,1.8400535280980068e-09
40,1,75,0.15487499996424958,21.23104199995396,17.017583000040304,2.724292000038986,9.510250000005271,1.5480409999781841,7.256176797281056e-10
40,1,76,0.1629999999863685,21.14337500000829,16.949667000005775,2.6939580000089336,9.684583000023395,1.5742500000328619,7.396529123495918e-10
40,1,77,0.15541699997356773,21.090749999984837,16.900292000002537,2.7170420000288686,9.565583999972205,1.5544170000225677,6.708869724887496e-10
40,1,78,0.16379199996663374,21.5036669999904,17.200249999973494,2.7043750000075306,9.575624999968113,1.5592500000138898,1.578657824308569e-09
40,1,79,0.15504199996030366,21.45920800001022,16.884833000005983,2.690875000041615,9.564166999950885,1.5377500000113287,6.009973038961034e-10
40,1,80,0.16237500000215732,21.40891700003067,16.95154200001525,2.709999999979118,9.550499999988915,1.5768339999908676,7.238471457482506e-10
40,1,81,0.165082999956212,21.303332999991653,17.159832999993796,2.7549999999791908,9.745791999989706,1.6615830000432652,6.431731093110255e-10
40,1,82,0.17241699998749027,21.574124999972355,17.111666999994668,2.7508339999826603,9.702457999992475,1.6128749999779757,8.62867399871538e-10
40,1,83,0.15562499999077772,21.984000000031756,17.562209000004714,3.111208000007082,10.687209000025177,1.778166000008241,5.351313089784988e-09
40,1,84,0.16395800003010663,21.498667000003024,16.916708999985985,2.7511670000421873,9.566042000017205,1.5647500000000036,3.402632356938294e-09
40,1,85,0.16333400003532006,21.674167000014677,17.22979200002328,2.792791999979727,9.702375000017582,1.5693329999635353,3.5264950826955605e-09
40,1,86,0.1679590000094322,21.65920800001686,17.207000000041717,2.7471249999848624,9.71870799997987,1.5798750000044492,6.704191879474669e-10
40,1,87,0.15570800002251417,21.38937500001248,16.972332999955597,2.756125000018983,9.507541999994373,1.5384579999704329,6.044592121642908e-10
40,1,88,0.16354199999568664,21.388957999988634,17.210249999948246,2.7434159999870644,9.714708000046812,1.5752499999734937,7.014025500117578e-10
40,1,89,0.15608399996835942,21.291292000000794,16.904667000005702,2.7199999999538704,9.535249999998996,1.5471660000230258,2.3640206013158293e-09
40,1,90,0.16170800000736563,21.306457999969552,17.592083000010916,2.8664999999818974,10.040124999989075,1.57633399999213,9.25349894338545e-10
40,1,91,0.1634160000207885,21.49154199997838,17.112582999970982,2.749957999981234,9.568833000002996,1.5449580000108654,1.2700232007243843e-09
40,1,92,0.1584999999977299,21.02162500000304,16.87320900003897,2.688332999980503,9.50933299998269,1.5678330000241658,6.634023941807673e-10
40,1,93,0.1639579999732632,21.43208299997923,17.209250000007614,2.7633749999722568,9.690583000008246,1.5806250000309774,2.2937121686905858e-09
40,1,94,0.1641669999798978,21.50916599998709,17.203583000025446,2.744832999951541,9.686957999974766,1.598250000029111,1.1063386215760909e-09
40,1,95,0.1765409999734402,21.471333999954823,16.863457999988896,2.699541999959365,9.606667000014113,1.5496670000061386,2.984557402698738e-09
40,1,96,0.1623339999810014,21.036291000029905,16.927416999976685,2.6937499999917236,9.490208000045186,1.5590409999504118,1.3091697316221338e-09
40,1,97,0.15795799998841176,21.750250000025062,19.29670800001304,3.2145840000339376,10.255083000004106,1.7125830000281894,5.202918674614013e-10
40,1,98,0.16012499997941632,21.757999999977073,16.959125000028052,2.701000000001841,9.533583000006729,1.5937919999942096,6.697208737609285e-10
40,1,99,0.16016600000057224,21.696875000031923,17.244583000035618,2.777584000000388,9.712708000051862,1.564291000022422,2.2506587500264307e-09
44,1,0,0.15799999999899228,21.379540999987512,17.22841700001254,2.768959000036375,10.39845799999739,1.7479999999636675,3.242020272977264e-09
44,1,1,0.21587499998076964,22.089959000027193,17.284875000029842,2.7763749999962783,9.722416999977668,1.581208000004608,1.3981577656085714e-09
44,1,2,0.1652500000091095,21.096208000017214,16.979166999988138,2.704999999991742,9.642332999987957,1.5487079999729758,4.922786697647698e-09
44,1,3,0.15625000003183231,21.312040999987403,17.239666000023135,2.7840829999945527,9.685624999974607,1.5683749999766405,7.189787432450358e-10
44,1,4,0.19516700001531717,21.032041000012214,16.896292000012636,2.7064159999667936,9.518249999985073,1.5579579999780435,7.199451702592574e-10
44,1,5,0.1575829999751477,20.954958999993778,16.884791000052246,2.7309170000080485,9.53199999997878,1.5548339999895688,4.079981255674792e-09
44,1,6,0.16149999999015563,21.127791999958845,17.18683400002874,2.746625000042968,9.669541999983267,1.5791669999885016,9.613499569240299e-10
44,1,7,0.15799999999899228,21.16649999999254,16.953333999992992,2.718417000039608,9.538667000015266,1.5510000000062973,8.668013030315843e-10
44,1,8,0.16737499998953353,21.74991700002238,17.45658300001196,2.715583999986393,9.71991699998398,1.5569999999911488,1.875952539931994e-09
44,1,9,0.18720799999982773,24.733625000010306,17.226125000036063,2.752541999996083,9.509999999977481,1.562374999991789,9.714147095025176e-10
44,1,10,0.1659170000039012,21.763417000045138,17.077999999969506,2.727415999970617,9.597250000012991,1.5567909999845142,7.168578023107501e-10
44,1,11,0.16241599996646983,21.709917000009682,16.928082999982053,2.738915999998426,9.526375000007192,1.553249999972195,1.3333435314769294e-09
44,1,12,0.1812500000255568,21.475209000016093,16.944792000003872,2.711540999996487,9.537000000023,1.5559999999936736,7.368343994803471e-10
44,1,13,0.15133300001934913,21.412457999986145,16.89733400002069,2.721875000020191,9.534000000030574,1.553915999977562,6.134168856394551e-10
44,1,14,0.1625419999982114,23.12762499997234,17.40754200000083,2.7006249999885767,9.691499999973985,1.5868330000330388,1.8051340280895713e-09
44,1,15,0.17537499996933548,21.86833299998625,17.045332999998664,2.759000000025935,10.115082999959668,1.7365420000032827,2.8428528575718844e-09
44,1,16,0.16695799996568894,21.670749999998407,17.054208999979892,2.760958000010305,9.728082999970411,1.5704999999570646,2.3269480302679447e-09
44,1,17,0.1636659999917356,22.092541999995774,17.8996249999841,2.986125000006723,10.543832999985625,1.7778339999949822,1.842420432190018e-09
44,1,18,0.16716700002916696,21.753083000021434,17.20170800001597,2.7874169999790865,9.74616700000297,1.57695800004376,1.0532310819237716e-09
44,1,19,0.1643749999971078,21.423707999986163,17.223709000006693,2.749417000018184,9.716124999954445,1.5802500000177133,7.343788986650384e-10
44,1,20,0.15883300000041345,21.593416999962756,17.240250000043034,2.773250000018379,9.735457999966002,1.5839590000155113,1.010133515595578e-09
44,1,21,0.1605420000032609,21.73704199998383,16.934125000034328,2.6958749999721476,9.540791000006266,1.5739579999944908,2.238062924833511e-09
44,1,22,0.156915999980356,21.24533299996756,16.9065000000046,2.716625000005024,9.529917000008936,1.5690419999714322,1.8329370288670156e-09
44,1,23,0.1622920000272643,21.701500000006035,16.927542000019002,2.6992499999778374,9.52808400001004,1.592708999964998,1.4753641800244469e-09
44,1,24,0.15479099999993196,21.231833000001643,17.0172920000482,2.685958999961713,9.574874999998428,1.5378749999968022,1.1495219295240325e-09
44,1,25,0.1537499999813008,21.102292000023226,16.92124999999578,2.718374999972184,9.512625000013486,1.56441699999732,9.44309724829856e-10
44,1,26,0.16058300002441683,21.655124999995223,17.16675000000123,2.7466249999861247,9.73225000001321,1.5654169999947953,6.643672475960266e-10
44,1,27,0.1593750000097316,21.547875000010208,17.236167000021396,2.7480830000286005,9.67420899996796,1.5928330000178903,8.912081582782635e-10
44,1,28,0.16220899999552785,21.010791999970024,16.952166999999463,2.6950000000169894,9.642791999965539,1.54712500000187,1.3767348992966425e-09
44,1,29,0.16654099999868777,21.225167000011425,16.93787499999644,2.7119999999740685,9.485041000004912,1.5610830000127862,7.320116583025714e-10
44,1,30,0.15437499996551196,21.13254099998585,16.860375000021577,2.7150410000444936,9.569999999996526,1.5569170000162558,8.263977223356912e-10
44,1,31,0.16629100002774067,21.437500000047294,16.913708000004135,3.100749999987329,10.855250000020078,1.8247499999688443,6.101061376632155e-10
44,1,32,0.16716599998289894,21.965792000003148,16.99729199998501,2.6879160000135016,9.550166999986232,1.5593329999887828,3.0501773804540442e-09
44,1,33,0.15820800001620228,21.535833000029925,16.893417000005684,2.6910000000270884,9.511833999965802,1.5500409999731346,1.0525982423445544e-09
44,1,34,0.1530829999865091,21.43495799998618,16.838958999983333,2.692709000029936,9.69750000001568,1.8227090000095814,9.892031867671592e-10
44,1,35,0.2292500000180553,22.427917000015896,16.922041000043464,2.712540999993962,9.523582999975133,1.5663340000173775,6.832078950914279e-10
44,1,36,0.1643749999971078,21.390749999966374,16.99412499999653,2.686082999957762,9.524333999991086,1.5467079999780253,6.012976903323815e-10
44,1,37,0.15945899997404922,21.046042000023135,16.926500000010947,2.711959000009756,9.51458399998728,1.5545420000080412,7.291518874304065e-10
44,1,38,0.1574169999685182,21.15504199997531,16.923540999982833,2.7058339999825876,9.565458999986731,1.5430830000013884,8.209102727121809e-10
44,1,39,0.15637500001730587,20.959500000003572,17.132791999983965,2.8129579999927046,9.654041999965557,1.5627920000156337,9.913861557207557e-10
44,1,40,0.15904200000704805,21.366166999996494,17.212540999992143,2.7722909999852163,9.689917000002879,1.5836250000234031,1.385208197010546e-09
44,1,41,0.15637499996046245,21.10662500001581,16.87908299999208,2.7140000000258624,9.545333000005485,1.5550420000067788,6.514964360854657e-10
44,1,42,0.15500000000656655,21.51791599999342,17.244709000010516,2.746209000008548,9.735499999976582,1.584917000002406,3.903800848211324e-09
44,1,43,0.16170899999679023,21.172583000009126,16.973625000048287,2.7154580000114947,9.548999999992702,1.5407919999574915,1.0639070511976376e-09
44,1,44,0.16237500000215732,21.136749999982385,16.88858399995752,2.6934589999996206,9.511916999997538,1.5728329999546986,2.4194211465938397e-09
44,1,45,0.1557500000330947,21.352708000051734,16.91904199998362,2.701082999976734,9.575959000017065,1.551957999993192,6.469241959037103e-10
44,1,46,0.16149999999015563,21.70504200000778,17.17054199997392,2.7004579999925227,9.68041699997002,1.5816659999927651,3.765007529827671e-09
44,1,47,0.17762499999207648,21.3126250000073,16.890792000026522,2.692166000031193,9.54833299999791,1.545208999971237,2.4190860803292903e-09
44,1,48,0.1645840000037424,21.28791600000568,17.279083000005357,2.745291999985966,9.691374999988511,1.587291000021196,5.717546383689855e-10
44,1,49,0.16133299999410156,21.345833999987462,16.86162499999,2.9629590000013195,9.537792000003265,1.5590840000072603,6.214859795662033e-10
44,1,50,0.15295800000103554,23.260499999992135,17.29116699999622,2.7124590000084936,9.56199999995988,1.555417000020043,1.4868736152462903e-09
44,1,51,0.16066699998873446,21.500957999990078,17.21254200003841,2.744875000018965,9.702708000020266,1.5949579999983143,4.213329955485608e-09
44,1,52,0.1675419999855876,23.102750000020933,18.276958000001287,2.714582999999493,9.553166999978657,1.5555839999592536,1.286027814587137e-09
44,1,53,0.15404200001967183,21.662666999986868,16.868041999998695,2.7136660000337542,9.571166999990055,1.545334000013554,1.5510409932894323e-09
44,1,54,0.15562500004762114,21.418749999952524,17.27800000003299,2.7486669999916558,9.723041999961879,1.5881670000226222,8.766092588647475e-10
44,1,55,0.177875000019867,21.16991700000881,17.334124999990763,2.8443329999845446,9.780709000040133,1.6521250000209875,5.112253690597692e-10
44,1,56,0.169500000026801,21.598082999958024,17.179666999993515,2.7525829999603957,9.735917000000427,1.5869580000185124,3.333449429933687e-09
44,1,57,0.1578749999566753,21.424833999958537,16.90533300001107,2.7304590000198914,9.500749999972413,1.5582500000164146,2.3842785040795265e-09
44,1,58,0.16512500002363595,21.78095800002211,17.250541999999314,2.7505420000011327,9.702167000000372,1.587208999978884,3.029923768783878e-09
44,1,59,0.2166670000178783,21.948457999997117,17.23225000000639,2.7769999999804895,9.672582999996848,1.5853340000262506,2.456722026341626e-09
44,1,60,0.1551249999920401,21.640750000017306,16.946582999992188,2.72795899996936,9.546582999973907,1.5413749999879656,5.343324429082825e-09
44,1,61,0.16058299996757341,21.496582999986913,16.89387499999384,2.709999999979118,9.522375000017291,1.5486249999980828,2.043580724188299e-09
44,1,62,0.1571249999869906,21.305332999986604,16.904249999981857,2.688666999972611,9.667083000010734,1.5611249999665233,7.185386840344698e-10
44,1,63,0.15662499998825297,21.309916999996403,16.879666000022553,2.7180840000369244,9.521082999981445,1.547749999986081,1.7691334491642243e-09
44,1,64,0.1670839999974305,21.33841699998129,17.200833000003968,2.746999999999389,9.703875000013795,1.5697920000548038,1.2924399604132875e-09
44,1,65,0.15474999997877603,21.15583400001242,16.919791999953304,2.71429200000739,9.548417000019072,1.552250000031563,9.665530728759016e-10
44,1,66,0.14995800000860982,20.97929199999271,18.506917000024714,3.0904169999530495,10.518750000017008,1.5858329999787202,1.342901180593162e-09
44,1,67,0.17966599995133947,21.244709000029616,16.933665999999903,2.7119580000203314,9.491000000025451,1.5456670000162376,8.657417551305283e-10
44,1,68,0.1652919999628466,21.249500000010357,16.90995799998518,2.6941250000049877,9.516540999982226,1.545082999996339,1.6305033885336893e-09
44,1,69,0.184208000007402,21.582125000009,18.888250000031803,3.0222080000044116,10.274917000003825,1.6114580000134993,1.3040436492392593e-09
44,1,70,0.1618750000034197,21.259124999971846,16.923333000022467,2.7015829999754715,9.535666999965997,1.5430000000264954,9.442438659650631e-10
44,1,71,0.15883300000041345,21.27199999995355,16.912042000001293,2.703790999987632,9.717582999996921,1.5634590000104254,1.4738581174919681e-09
44,1,72,0.16020900000057736,21.17637500003866,16.973375000020496,2.760958000010305,9.691583999995146,1.5730420000181766,4.1022828749786725e-09
44,1,73,0.15816600000562175,21.393750000015643,16.91516600004661,2.6893749999885586,9.591749999970034,1.5472499999873435,3.6936626143725484e-09
44,1,74,0.15875000002552042,21.472708999965562,17.26087499997675,2.7454169999714395,9.675291999997171,1.57458400002497,2.0104315643429133e-09
44,1,75,0.19216599997662343,21.206500000005235,17.108749999977135,2.825834000020677,9.696416999986468,1.5770420000080776,5.710610251737379e-10
44,1,76,0.17620899996018125,22.749374999989413,17.05974999998716,2.70433299999695,9.657500000002983,1.5610830000127862,4.804708155931188e-09
44,1,77,0.17050000002427623,21.645041999988734,17.209000000036667,2.771125000037955,9.695834000012837,1.58570800005009,6.425599526578124e-10
44,1,78,0.15633300000672534,20.93374999998332,16.89437499999258,2.700209000011,9.541542000022218,1.5583339999807322,7.326391424766414e-10
44,1,79,0.17458299998907023,21.02570899995726,16.957708999996157,2.7390830000513233,9.508499999981268,1.5362499999582724,2.1394779988782772e-09
44,1,80,0.16400000004068715,21.486624999965898,17.2171660000231,2.7420410000331685,9.560708999970302,1.599666000004163,1.4383862808627035e-09
44,1,81,0.15908400001762857,22.173332999955164,17.268833000002815,2.7743329999907473,9.687084000006507,1.5759169999682854,3.594736972243236e-09
44,1,82,0.16883399996459048,21.35529200000974,16.901500000017222,2.702916999965055,9.522875000016029,1.5425409999920703,5.720207920787058e-10
44,1,83,0.15854200000831042,21.305665999989287,16.958249999959207,2.7238330000045607,9.505208000007315,1.5503749999652428,7.397904300061624e-10
44,1,84,0.18320800000992676,21.818708000012066,18.438249999974232,3.0207909999830918,9.675624999999854,1.5346250000334294,1.6485365068658277e-09
44,1,85,0.1770000000078653,21.638207999956194,16.880167000010715,2.74566699999923,9.467208999978993,1.543333000029179,2.164225991282704e-09
44,1,86,0.15954099995951765,21.487625000020216,18.314416000009714,2.9658750000294276,10.515042000008634,1.579083000024184,9.414964068802238e-10
44,1,87,0.15899999999646752,21.29624999997759,16.992042000026686,2.7020409999636286,9.483499999987544,1.6002090000029057,1.0142476200103063e-09
44,1,88,0.1535420000209342,21.37358300001324,17.003084000009494,2.6990000000068903,9.552500000040709,1.5717500000391738,5.762211260709551e-10
44,1,89,0.17137500003627792,21.427667000011752,16.900541000040903,2.716917000043395,9.502249999968626,1.5499579999982416,8.849841966999113e-10
44,1,90,0.1625410000087868,21.46316700003581,17.018457999995462,2.7059169999574806,9.538415999998051,1.5505000000075597,9.394185509054261e-10
44,1,91,0.15604200001462232,21.60633300002246,17.29191700002275,2.775166999981593,9.703208000019004,1.581042000054822,2.7715807463426427e-09
44,1,92,0.1668329999802154,21.139666000010493,17.23291700000118,2.7549999999791908,9.715416000005916,1.5798330000507121,5.332748612432651e-10
44,1,93,0.16495799997073846,21.070332999954644,16.860624999992524,2.8355829999782145,9.717208999973082,1.582708000000821,6.324062226684152e-10
44,1,94,0.1582500000267828,21.86104200001182,17.235624999955235,2.744375000020227,9.713916999999128,1.5667500000517975,1.3334410452992813e-09
44,1,95,0.1560000000040418,21.11149999996087,16.909042000008867,2.8419999999869106,9.492290999958186,1.5530000000012478,8.896977263193883e-10
44,1,96,0.16516699997737305,21.502624999982345,16.92825000003495,2.686834000030558,9.53879200000074,1.551458999983879,7.250221414770762e-10
44,1,97,0.158749999968677,21.439624999970874,17.200000000002547,2.7644580000014685,9.712250000006861,1.5809590000230855,1.1157320909310516e-09
44,1,98,0.15029200000071796,20.95004099999187,16.927874999964843,2.6949579999495654,9.569833000000472,1.562083999999686,1.896452051288306e-09
44,1,99,0.17420799997580616,21.473958000001403,17.203791000042656,2.7462499999728607,9.734792000017478,1.5667079999843736,1.134928501630757e-09
48,1,0,0.1747499999851243,21.175167000023976,16.90941700002213,2.763875000027838,9.708833999980016,1.6105830000014976,1.1210775460611062e-09
48,1,1,0.16204199999947377,23.13600000002225,17.271417000017664,2.7034590000312164,9.532583000009254,1.559708000002047,1.0886769972370866e-09
48,1,2,0.16487499999584543,21.747917000027428,17.26891600003455,2.7537500000107684,9.717750000049818,1.587416999996094,1.2031447569840277e-09
48,1,3,0.1602920000323138,21.37695800001893,16.910583000026236,3.3477499999889915,10.801665999963461,1.7148750000046675,6.719562188608186e-10
48,1,4,0.1695420000373815,21.941583000000264,16.917541999987407,2.6927499999942484,9.527999999988879,1.5570830000228852,3.157707863218048e-09
48,1,5,0.15570900001193877,21.16991700000881,16.93449999999075,2.729459000022416,9.530750000010357,1.5375409999478507,1.6772886616644133e-09
48,1,6,0.15304099997592857,21.159874999966632,16.859792000047946,2.7440830000386995,9.522624999988238,1.5580830000203605,1.646086238653324e-09
48,1,7,0.1600830000256792,21.125583999946684,16.859583999973893,2.718916999981502,9.558165999976609,1.5626669999733167,1.8783086129194857e-09
48,1,8,0.15854200000831042,21.210958000040137,17.205624999974134,2.748540999959914,9.70995799997354,1.5706249999993815,3.1435392750457632e-09
48,1,9,0.15312499999708962,21.310666999966088,17.23533300003055,2.7777080000532806,9.677332999956434,1.6087920000131817,2.965015425058821e-09
48,1,10,0.1632089999930031,21.501166999996713,17.03883299995823,2.7095840000015414,9.671416000003319,1.5735000000063337,1.368505266983287e-09
48,1,11,0.15750000000025466,21.490458000016588,17.126166000025478,2.715416999990339,9.500290999994832,1.5693340000098033,3.6375634701686894e-09
48,1,12,0.1515419999691403,21.195583999997325,17.19416700001375,2.7400830000487986,9.714540999993915,1.5817500000139262,1.2476730368187916e-09
48,1,13,0.15425000003688183,21.304792000023554,17.17366600001924,2.7741249999735373,9.738916999992853,1.5858749999893007,2.350376609022269e-09
48,1,14,0.17508300004465127,21.230208000019957,17.23158400000102,2.7220829999805574,9.536458000013681,1.5801249999753963,2.054454848209872e-09
48,1,15,0.16204199999947377,21.38887500001374,16.867999999988115,2.728999999987991,9.49470900002325,1.55979099997694,1.2788993065076937e-09
48,1,16,0.16037500000720684,21.181917000035355,17.19279200000301,2.739249999990534,9.68779100003303,1.598458000046321,1.8234521270194827e-09
48,1,17,0.15816699999504635,21.269542000027286,16.8996660000289,2.7012090000084754,9.55145799997581,1.5506249999930333,8.915709630959961e-10
48,1,18,0.16000000005078618,21.52362499998617,17.472333000000617,2.765416999977788,10.371541999973033,2.7447080000229107,6.039023075732087e-10
48,1,19,0.1607499999636275,21.508416000017405,17.1754159999864,2.7725839999561686,9.714457999962178,1.5897499999937281,2.37933977901834e-09
48,1,20,0.16237500000215732,21.3279170000078,16.912500000046293,2.70770800000264,9.86512499997616,1.7239590000031058,6.753431144144852e-10
48,1,21,0.1677500000027976,21.4888330000349,17.64650000001211,2.7830410000433403,9.691792000012356,1.570209000021805,8.323465841875435e-10
48,1,22,0.15525000003435707,21.176458000013554,16.909499999997024,2.6956250000012005,9.531165999987934,1.5676659999712683,1.6074181567848878e-09
48,1,23,0.16016699998999684,21.227457999998478,16.96449999997185,2.745124999989912,9.48020800001359,1.5539579999881425,1.959323461061477e-09
48,1,24,0.2184580000061942,21.321042000010948,16.88479200004167,2.7020409999636286,9.592499999996562,1.545458000009603,1.1955434992371024e-09
48,1,25,0.15708299997641006,21.325541999999587,17.146416999992198,2.778291000026911,9.697166000023572,1.5927090000218413,8.134545283315629e-10
48,1,26,0.15804199995272938,21.610457999997834,17.202542000006815,2.7450829999793314,9.705375000010008,1.5726669999480691,7.560945079781771e-10
48,1,27,0.15754200001083518,21.52533299999959,17.00237499994728,2.7002920000427366,9.512499999971169,1.5511660000129268,5.630819655748068e-09
48,1,28,0.16179100003910207,21.48933300003364,17.21091699999988,2.757499999972879,9.694458000012673,1.5810830000191345,1.3000656103983505e-09
48,1,29,0.16125000001920853,21.412749999967673,16.888042000005044,2.7180830000475,9.472749999986263,1.564000000030319,1.0010792587665677e-09
48,1,30,0.15520799996693313,21.274250000033135,17.13829199997008,2.7826250000089203,9.699749999981577,1.5778329999989182,6.198726027763965e-10
48,1,31,0.17074999999522333,21.428458999992017,17.23787500003482,2.7100419999896985,9.518500000012864,1.6413749999628635,1.1315176964811734e-09
48,1,32,0.15495799999598603,21.43545799998492,17.262333000019225,2.75812499995709,9.717999999963922,1.6564160000029915,8.606958718746442e-10
48,1,33,0.17879200004244922,21.456499999999323,16.88133300001482,2.708499999982905,9.517625000000862,1.5551660000028278,3.7132596061317657e-09
48,1,34,0.15570900001193877,21.344166999995196,17.218667000008736,2.7303749999987303,9.542124999995849,1.549624999995558,9.699725518370347e-10
48,1,35,0.1740409999797521,21.40558400003556,17.74258400001827,3.176791999976558,10.66166600003271,1.830041000005167,1.904833749825509e-09
48,1,36,0.17083300002695978,22.082458999989285,16.866124999978638,2.6969580000013593,9.521875000018554,1.5502089999586133,7.356659728440019e-10
48,1,37,0.16958300000169402,21.157874999971682,17.016500000011092,2.764124999998785,9.680791999983285,1.5762080000172318,1.8346915009647168e-09
48,1,38,0.24320800002897158,27.38387499999817,18.670041999996556,2.968709000015224,10.396582999987913,1.6516250000222499,8.443758025413995e-10
48,1,39,0.18479200002730067,24.637292000022626,20.343582999998944,3.258291999998164,10.874125000043477,1.878083000008246,7.877715623823147e-10
48,1,40,0.635624999972606,25.42500000004111,17.274750000012773,2.7782500000057553,9.747415999981968,1.6586250000045766,5.3752735735836344e-09
48,1,41,0.17254099998353922,21.228666000013163,17.06187500002443,2.7375420000339545,9.576458000026378,1.5600410000047304,2.362787219849452e-09
48,1,42,0.1849159999665062,21.571834000042145,17.118208999988838,2.716291000012916,9.544082999980219,1.5770830000292335,6.573471702552762e-10
48,1,43,0.17579199999318007,21.746959000040533,17.24208300004193,2.7911250000443033,9.717999999963922,1.5819999999848733,5.894756052632442e-10
48,1,44,0.1637089999917407,21.147791999965193,17.051957999967726,2.7050420000023223,9.55291700000771,1.5930419999676815,2.247434049682647e-09
48,1,45,0.1614579999795751,21.233166999991226,17.230208999990282,2.7760830000147507,9.71500000002834,1.5804170000137674,9.093750748334065e-10
48,1,46,0.17104199997675096,21.598083000014867,17.217165999966255,2.747666000004756,9.712459000013496,1.5734170000314407,1.8716649685236118e-09
48,1,47,0.1634170000102131,21.316167000009045,17.025875000001633,2.730458999963048,9.549084000013863,1.5994580000437963,1.1997167176347049e-09
48,1,48,0.17804099996965306,21.829041999978926,17.229250000013963,2.7416249999987485,9.697582999990573,1.583083000014085,2.6265136972794218e-09
48,1,49,0.17241599999806567,22.231458000021576,17.17608299998119,2.7718750000076398,9.516250000046966,1.5858749999893007,1.2317742544659536e-09
48,1,50,0.17412500000091313,21.408583999971142,17.234416999997393,2.75141600002371,9.527124999976877,1.5523330000064561,8.34303998051028e-10
48,1,51,0.16258400000879192,21.357499999965057,17.308791999994355,2.744833999997809,9.493332999966242,1.5429160000053344,8.118693548299839e-10
48,1,52,0.16312499997184204,21.43437500001255,18.69699999997465,2.702833999990162,9.56704200001468,1.5574999999898864,6.930490432627606e-10
48,1,53,0.17666700000518176,21.197041999982957,16.88591700002462,2.7276669999878322,9.514084000045386,1.5732500000353866,6.792143704420395e-10
48,1,54,0.16108400001257905,21.185166999998728,17.053416999999627,2.6910830000019814,9.566500000005362,1.539292000018122,1.8955558522432612e-09
48,1,55,0.1555420000158847,21.294875000023694,17.145833000029143,2.7898339999978816,9.674207999978535,1.605707999999595,7.181212056089485e-10
48,1,56,0.1598329999978887,21.43675100001019,16.903916999979174,2.6873329999830275,9.508792000019639,1.5779999999949723,6.110657491729974e-10
48,1,57,0.1555420000158847,22.985542000014902,16.880667000009453,2.743084000030649,9.515709000027073,1.5661660000318989,1.358275617264367e-09
48,1,58,0.15954200000578567,21.28158400000757,17.28458299999147,2.7555839999990894,9.54300000000785,1.5541660000053525,2.981040812240271e-09
48,1,59,0.17208300005222554,21.06308300000137,16.900082999995902,2.7109170000017,9.558250000054613,1.5488750000258733,9.212167091047359e-10
48,1,60,0.15695799999093651,21.122875000003205,16.888832999995884,2.708458000029168,9.51295800001617,1.5541660000053525,8.410735314969974e-09
48,1,61,0.18233299999792507,21.912541999995483,17.366624999965552,2.7958329999933085,9.520500000007814,1.557958000034887,1.2767578889801677e-09
48,1,62,0.16837499998700878,21.362291000002642,17.038624999997865,2.6964580000026217,9.556707999990977,1.5440839999882883,1.5021989119787982e-09
48,1,63,0.16191600002457562,21.04383300002155,16.900167000017063,2.72379099999398,9.531874999993306,1.5719579999995403,2.8718719163333852e-09
48,1,64,0.17354200002728248,21.30595800002766,17.020457999990413,2.920875000029355,10.361582999962593,1.6564170000492595,3.858617599262972e-09
48,1,65,0.17258299999411975,22.36475000000837,17.23620799998571,2.798208000001523,9.710332999986804,1.582708000000821,6.31491424822055e-10
48,1,66,0.15791700002409925,21.295125000051485,17.01083400001835,2.685874999997395,9.532583999998678,1.542916999994759,6.014551457470057e-10
48,1,67,0.15433300001177486,21.34962499997073,17.245874999957778,2.7799160000085976,9.682957999984865,1.5859169999998812,1.2698063106664897e-09
48,1,68,0.15754200001083518,21.569917000022087,17.176374999962718,2.7554580000241913,9.741666000024907,1.6002090000029057,1.7533693551631633e-09
48,1,69,0.15312499999708962,21.278499999993983,17.5032500000043,2.7415420000238555,10.67537500000526,1.8890420000161612,9.777752789426187e-10
48,1,70,0.17824999997628765,22.51808300002267,17.00799999997571,2.7427499999816973,9.71879200000103,1.5774999999962347,1.3356185818136748e-09
48,1,71,0.16441700000768833,21.509208000054514,16.900458000009166,2.692916000000878,9.491667000020243,1.5638750000448454,7.721802336649589e-10
48,1,72,0.18633400003409406,21.185916999968413,16.906415999983437,2.7115830000070673,9.504958999968949,1.5653749999842148,3.104002320938883e-09
48,1,73,0.16541600001573897,21.74954199995227,17.23229200001697,2.749209000000974,9.735624999962056,1.5821250000271903,1.5654818343463785e-09
48,1,74,0.16062499997815394,23.437790999992103,17.48491699999022,2.7637080000317837,9.542291999991903,1.5572920000295198,1.531313150235354e-09
48,1,75,0.16312499997184204,21.01141700001108,16.94645899999614,2.770917000020745,9.715667000023132,1.580999999987398,9.078976065089032e-10
48,1,76,0.18004099996460354,21.463041999993493,16.982584000004408,2.737292000006164,9.564457999999831,1.5855419999866172,1.3414141711867273e-09
48,1,77,0.17183400001385962,21.049290999997083,16.93083300000353,2.7037919999770565,9.531541999990623,1.5488750000258733,1.5935157419948883e-09
48,1,78,0.16233300004842022,21.49154199997838,18.314165999981924,3.209542000035981,9.563334000006307,1.5897499999937281,9.667208747921914e-10
48,1,79,0.17287499997564737,21.464707999996335,17.132124999989173,2.7033750000100554,9.52037500002234,1.5587080000045717,2.1096504064538867e-09
48,1,80,0.16487499999584543,21.552957999972477,16.877000000022235,2.74083299996164,9.487542000044868,1.5775830000279711,1.760919143872327e-09
48,1,81,0.1557919999868318,20.968874999994114,16.863375000014003,2.687750000006872,9.555332999980237,1.553583999964303,1.1165905395577194e-09
48,1,82,0.16558300001179305,21.055582999963462,16.925000000014734,2.7672500000335276,9.57154200000332,1.5754160000369666,6.512604161305995e-10
48,1,83,0.16675000000532236,22.637541999984023,16.85445800001162,2.714749999995547,9.566917000029207,1.5697920000548038,5.590928988739035e-10
48,1,84,0.1686250000147993,21.490125000013904,16.953042000011465,2.7114580000215938,9.510417000001326,1.5466250000031323,1.959086638469112e-09
48,1,85,0.1605410000138363,21.366583000030914,17.217584000036368,2.7640000000133114,9.709750000013173,1.5915419999714686,2.3296085737142e-09
48,1,86,0.16429200002221478,20.995667000022422,17.680958000028113,3.0350409999755357,10.176708000017243,1.5757919999828118,8.468441074179783e-10
48,1,87,0.16487499999584543,21.13800000000765,16.90929099999039,2.6982919999909427,9.527499999990141,1.5530000000012478,3.6177500418349066e-09
48,1,88,0.1607500000204709,21.470665999970606,17.28795799999716,2.7846249999470274,9.511666999969748,1.559874999998101,8.360374525471862e-10
48,1,89,0.1627919999691585,21.234833000050912,17.005000000040127,2.750499999990552,9.72595800004683,1.5802089999965574,9.991828692677082e-10
48,1,90,0.15774999997120176,21.208415999979024,16.907207999963703,2.7911669999980404,9.690249999948719,1.5868330000330388,1.008863539364776e-09
48,1,91,0.15925000002425804,22.43570900003533,19.12212500002397,2.9431250000016007,9.747500000003129,1.5772499999684442,2.272720874600467e-09
48,1,92,0.154667000003883,21.36291700003312,16.962875000047006,2.693790999956036,9.701333999998951,1.6551670000239938,4.815693875137611e-09
48,1,93,0.15170799997576978,21.077917000013713,16.864375000011478,2.725542000007408,9.636417000024267,1.5838749999943502,1.4116332539728147e-09
48,1,94,0.15662499998825297,21.353834000024108,16.900916999986748,2.7279159999693547,9.519042000022182,1.5420419999827573,2.5518634453667953e-09
48,1,95,0.15504199996030366,21.224500000016633,16.907291999984864,2.714166000032492,9.538499999962369,1.5607500000101027,8.252385700795244e-09
48,1,96,0.16616700003169171,21.17533400002003,16.90037499997743,2.7489170000194463,9.53558300000168,1.567958999999064,6.198571462059228e-09
48,1,97,0.17374999998764906,21.121957999980623,16.877208000039445,2.6853339999775017,9.538333000023158,1.5548750000107248,1.552461272227907e-09
48,1,98,0.18225000002303204,21.39087500000869,16.854958000010356,2.755541999988509,9.513665999975274,1.547166999955607,2.947759856032756e-09
48,1,99,0.1487920000045051,21.384084000033,17.20216699999355,2.7510419999998703,9.701166000013473,1.587416999996094,1.6659887555685244e-09
52,1,0,0.17212500000596265,21.396125000023858,16.889791999972203,2.7364160000047377,9.51891599999044,1.5589999999860993,2.640974349246704e-09
52,1,1,0.18087500001229273,21.56145800000786,16.919124999958512,2.6984170000332597,9.540125000000899,1.5712500000404361,6.655298996258623e-10
52,1,2,0.14974999999139982,21.370917000012923,17.13962500002708,2.7668750000202635,9.726416999967569,1.5814170000112426,1.3503470825269621e-09
52,1,3,0.15454200001840945,21.423375000040323,17.372292000004563,2.753042000051664,9.726416999967569,1.591709000024366,2.717710456807347e-09
52,1,4,0.15508299998145958,22.069833000045946,19.12604200003898,2.7359590000060052,9.531790999972145,1.5565839999567288,1.4278471513583051e-09
52,1,5,0.16550000003690002,21.312416000000667,17.025917000012214,2.772790999983954,9.749665999947865,1.595624999993106,1.7155275986733992e-09
52,1,6,0.1868749999971442,21.275249999973767,17.167125000014494,2.7520419999973456,9.567958000047838,1.5506660000141892,1.085655398146693e-09
52,1,7,0.17845899998292225,21.171707999997125,16.96933400000944,2.7503339999839227,9.68875000000935,1.5898749999792017,1.659122211349295e-09
52,1,8,0.15999999999394277,21.291000000019267,17.972917000008692,3.0045409999956973,10.816665999982433,1.6799169999899277,1.9295237909455935e-09
52,1,9,0.1605000000495238,21.427583999980016,17.229000000043015,2.747249999970336,9.748790999992707,1.5725000000088585,2.4920380564825307e-09
52,1,10,0.16429200002221478,21.49212499995201,17.374458000006143,2.7773339999725977,9.713791999956811,1.5858330000355636,1.5072250069853935e-09
52,1,11,0.16279200002600192,21.52333300000464,16.920042000037938,2.694000000019514,9.661499999992884,1.5632079999932103,8.692508839780477e-10
52,1,12,0.17783300000928648,21.355167000024267,17.251874999999472,2.7429579999989073,9.71874999999045,1.6027909999820622,1.709543095607032e-09
52,1,13,0.17379199999822958,21.024750000037784,17.13116700000228,2.749291999975867,9.684167000045818,1.572791999990386,7.597928167480367e-10
52,1,14,0.1622920000272643,22.73600000000897,17.18149999999241,2.7125000000296495,9.57416699998248,1.5644579999616326,1.2610950399471774e-09
52,1,15,0.17037499998195926,21.80358300000762,16.901416999985486,2.753916000017398,9.487083999999868,1.5823329999875568,1.160901318499539e-09
52,1,16,0.16399999998384374,21.71433299997716,17.240707999974347,2.748208000014074,9.685499999989133,1.5818330000456626,1.063688255565224e-09
52,1,17,0.16991599994753415,21.514334000016788,16.928041000028315,2.750458000036815,9.502916999963418,1.556124999979147,1.0783589864956926e-09
52,1,18,0.16354199999568664,21.953333999988445,17.24941600002694,2.7424589999895943,9.732124999970893,1.6114160000029187,9.283722633133545e-10
52,1,19,0.15833300000167583,21.763250000049084,16.894332999981998,2.7213340000002972,9.51079200001459,1.58920799998441,6.49899471884264e-10
52,1,20,0.1683750000438522,21.846167000035166,18.008249999979853,3.567667000027086,12.282167000023492,2.204583000036564,1.0254670910444746e-09
52,1,21,0.18604199999572302,22.96654200000603,17.281040999989727,2.763541999968311,9.700375000022632,1.5882920000080958,3.1245793823386788e-09
52,1,22,0.20250000000032742,21.682750000024953,17.09966699996812,2.7110830000083297,9.76424999998926,1.584541999989142,7.000532119643039e-10
52,1,23,0.17637499996681072,21.526624999978594,17.265874999964126,2.770832999999584,9.48537499999702,1.5692499999886422,2.7520665131168008e-09
52,1,24,0.1787909999961812,21.643500000038784,17.286375000026055,2.737958000011531,9.729584000012892,1.5940409999757321,1.1933459442979766e-09
52,1,25,0.15049999996108454,22.95350000002827,18.74070799999572,2.7947909999852527,9.684875000004922,1.5932080000311544,5.777132870591038e-09
52,1,26,0.16387499999837019,21.835957999996936,16.85808399997768,2.708625000025222,9.588416000042344,1.5896250000082546,7.743713086268584e-10
52,1,27,0.16174999996110273,21.659541000019544,17.24662500004115,2.745749999974123,9.70620800001143,1.6087919999563383,1.459674061116781e-09
52,1,28,0.16191700001400022,21.42045800002279,16.880749999984346,2.7026669999941078,9.529625000027409,1.5607079999995221,8.976244143919437e-10
52,1,29,0.16016600000057224,21.23912500002234,16.91950000002862,2.7581250000139335,9.58591700003808,1.571166000019275,1.9989682144239835e-09
52,1,30,0.15750000000025466,21.47958299997299,17.177917000026355,2.7685830000336864,9.723541000028035,1.589125000009517,1.0701398526596871e-09
52,1,31,0.17816700000139463,21.677333000013732,17.060125000000426,2.7092919999631704,9.550792000027286,1.547875000028398,8.465171189795788e-10
52,1,32,0.1582919999805199,20.996833000026527,16.867750000017168,2.6952499999879365,9.592125000040141,1.564167000026373,1.1982025616089474e-09
52,1,33,0.16379199996663374,21.35633300002837,17.255959000010535,2.745749999974123,9.736082999950213,1.5783750000082364,2.1226720966952297e-09
52,1,34,0.16599999997879422,21.69808399997919,17.21541699998852,2.7459170000270205,9.741082999994433,1.5913749999754145,1.3022458847704467e-09
52,1,35,0.16924999999901047,21.51616699995884,16.91554100000303,2.7122079999912785,9.639542000002166,1.616333000015402,1.094048030509681e-09
52,1,36,0.1578749999566753,21.784458000013274,16.949167000007037,2.722040999969977,9.529291999967882,1.6145000000165055,1.9092604404851265e-09
52,1,37,0.18204200000582205,21.01629200001298,17.143375000046035,2.6938329999666166,9.532625000019834,1.5794169999594487,2.4325853359473135e-09
52,1,38,0.179709000008188,21.236125000029915,18.648084000005838,3.0526670000199374,9.77754199999481,1.5475830000468704,9.733611086308449e-10
52,1,39,0.16341599996394507,21.48116600000094,17.19145900000285,2.7621250000038344,9.728790999986359,1.5987909999921612,6.842919325694559e-10
52,1,40,0.1609580000376809,21.454624999989846,17.19341699998722,2.8030839999928503,9.694832999969094,1.57870800001092,1.4030637809357342e-09
52,1,41,0.16170800000736563,21.200334000013754,16.917374999991353,2.70749999998543,9.537749999992684,1.5911250000044674,7.237597651006516e-10
52,1,42,0.15929199997799515,21.891124999967815,18.944000000033157,3.0763330000240785,9.520833000010498,1.5527909999946132,3.8757046093897775e-09
52,1,43,0.18066600000565813,21.370917000012923,16.957208000007995,2.697917000034522,9.557333000032031,1.5527080000197202,8.642525246397887e-10
52,1,44,0.1666250000198488,21.505333999982668,17.002208000008068,2.6921669999637743,9.561208000036459,1.6009579999831658,1.1484704767323025e-09
52,1,45,0.15370800002756368,20.982957999990504,17.282500000021628,2.75462500002277,9.707290999983798,1.5918749999741522,9.550254888131324e-09
52,1,46,0.16766599998163656,22.021292000033554,17.486665999967954,2.7655000000095242,9.656833000008191,1.5934169999809455,6.048937271640388e-10
52,1,47,0.17008399998985624,21.669582999948034,17.25237499999821,2.7079999999841675,9.567875000016102,1.5510000000062973,8.305097570490728e-10
52,1,48,0.18875000000662112,21.918207999988226,16.949749999980668,2.693167000018093,9.499709000010625,1.6003329999989546,1.868442184389502e-09
52,1,49,0.15604100002519772,21.371208000005026,17.221666000011737,2.7509590000249773,9.749875000011343,1.584999999977299,1.143308805647951e-09
52,1,50,0.16212500003121022,21.756250000009913,17.20583399998077,2.772334000042065,9.697416999983943,1.5707919999954356,2.064701388598639e-09
52,1,51,0.14833299997007998,21.088707999979306,16.95462499998257,2.694666000024881,9.567082999978993,1.5507500000353502,1.758558855859743e-09
52,1,52,0.1627500000154214,21.23983399997087,16.933708000010483,2.699209000013525,9.507208000002265,1.5616659999864169,2.1790557032677907e-09
52,1,53,0.15875000002552042,21.39762500002007,16.980958000033297,2.823334000026989,9.797083999956158,1.5887499999962529,9.859891829857228e-10
52,1,54,0.18637499999840657,21.079208999992716,18.00179100001742,2.8221250000228792,9.696708000035414,1.6307090000395874,6.045648517824556e-10
52,1,55,0.15970900000183974,21.231666999995014,16.947958000002927,2.7162920000023405,9.556375000045136,1.5606250000246291,9.610182222331376e-10
52,1,56,0.1740829999903326,21.628042000031655,17.305000000021664,2.736999999967793,9.71700000002329,1.5982080000185306,6.002622167509415e-10
52,1,57,0.16266699998368495,21.819042000004174,16.91091600002892,2.7073749999999563,9.553792000019712,1.5605830000140486,1.1601657121426284e-09
52,1,58,0.1575829999751477,21.383667000009154,16.97350000000597,2.7491669999903934,9.72095800000261,1.580832999991344,1.4583270645645944e-09
52,1,59,0.1621249999743668,21.336041000040495,18.718917000001056,3.112208000004557,10.807166999995843,1.7051250000008622,1.1397856893142157e-09
52,1,60,0.16233400003784482,21.367666000003283,16.917124999963562,2.716833000022234,9.542291999991903,1.5490410000325028,2.6773104400246905e-09
52,1,61,0.16058300002441683,21.45208300004242,17.238540999983343,2.7698329999452653,9.725624999987303,1.593333000016628,2.597721946435598e-09
52,1,62,0.1720409999848016,21.875416000000314,17.21141699999862,2.738915999998426,9.748042000012447,1.5862920000131453,1.9233306733438157e-09
52,1,63,0.16533299998400253,22.976500000027045,17.470624999987194,2.717749999987973,9.550750000016706,1.6035830000191709,1.025689717510101e-09
52,1,64,0.1620840000100543,21.7914579999956,17.291250000027958,2.7905829999781417,9.688124999968295,1.5819999999848733,6.054825918825599e-09
52,1,65,0.18887499999209467,21.76966600001151,16.922000000022308,2.736583000000792,9.53558300000168,1.5678330000241658,7.499548517846128e-10
52,1,66,0.16262499997310442,21.475209000016093,16.91725000000588,2.7277089999984128,9.537292000004527,1.5768750000120235,1.8150849628043613e-09
52,1,67,0.16266699998368495,21.33029100002659,16.959249999956683,2.6987499999791,9.529625000027409,1.5603749999968386,1.6627661989555464e-09
52,1,68,0.16204099995320576,21.4990829999806,17.08970900000395,2.728290999982619,9.544582999978957,1.56420899998011,1.1455008125650173e-09
52,1,69,0.16233300004842022,21.75920799999176,17.259332999969956,2.7511250000316068,9.717541999975765,1.5862500000025648,9.303434087479365e-10
52,1,70,0.15991600002962514,21.36691699996618,17.18929099996558,2.781540999990284,9.659917000021778,1.5800410000110787,1.463409744127721e-09
52,1,71,0.1574169999685182,21.570166999993035,17.110166999998455,2.7492909999864423,9.73441600001479,1.5835829999559792,8.823757678623267e-10
52,1,72,0.1620840000100543,21.856458999991446,17.301416999998764,2.9242500000350446,10.759667000002082,1.773250000042026,6.840324254545971e-10
52,1,73,0.17845799999349765,21.683291999977428,16.87287500004686,2.749209000000974,9.72724999996899,1.5777090000028693,8.561170384474583e-10
52,1,74,0.16562500002237357,21.943625000005795,17.267249999974865,2.7394589999971686,9.675167000011697,1.6210839999644122,2.7450679070530317e-09
52,1,75,0.16691700000137644,21.421041999985846,16.912332999993396,2.7254170000219347,9.697665999965466,1.5902089999713098,1.7383940406154088e-09
52,1,76,0.1659160000144766,21.533083000008446,19.41783300003408,2.998792000028061,10.005207999995491,1.5767080000159694,4.718115668636688e-09
52,1,77,0.15912499998194107,21.58441699998548,17.216082999993887,2.791166000008616,9.70541599997432,1.574415999982648,9.62519202413257e-10
52,1,78,0.16895800001748285,21.777832999987368,17.365750000010394,2.76883299994779,9.738291000019217,1.5768339999908676,1.805540124628323e-09
52,1,79,0.15595799999346127,21.27262500005145,17.162374999998065,2.7567079999926136,9.66616700003442,1.5826250000259279,6.535977925858037e-10
52,1,80,0.15683399999488756,21.507125000027827,16.896583999994164,2.7362089999769523,9.579166999969857,1.5488330000152928,8.155723477373571e-10
52,1,81,0.1618750000034197,21.817749999968328,17.340708999995513,2.7085000000397486,9.505958000033843,1.5774590000319222,7.247333520351257e-09
52,1,82,0.15158300004713965,21.399416000008387,17.184208999992734,2.7417079999736416,9.758042000044043,1.6000840000174321,1.9708031282369745e-09
52,1,83,0.17050000002427623,21.384167000007892,16.904541999963385,2.705166999987796,9.50454099995568,1.5813750000006621,9.157860646435004e-10
52,1,84,0.15808300003072873,21.18266700000504,16.88966699998673,2.6859580000291317,9.560458999999355,1.5645830000039496,6.267527522974416e-10
52,1,85,0.17962499998702697,21.164583000029324,16.921916000001147,2.715125000008811,9.509916000013163,1.5530000000012478,1.4153517621299173e-09
52,1,86,0.1632080000035785,21.309416999997666,16.909916999964025,2.693249999992986,9.568790999992416,1.5571659999977783,9.4322823191877e-10
52,1,87,0.1512909999519252,20.961624999983997,17.048790999979246,2.7887910000004013,9.722874999965825,1.5664999999671636,2.231615620452066e-09
52,1,88,0.19304099998862512,21.26891699998623,18.148875000008502,3.0090829999949165,9.732499999984157,1.5705839999782256,7.802086457695028e-10
52,1,89,0.1567080000199894,21.11158399998203,17.266624999990654,2.7455409999674885,9.70087500002137,1.5775830000279711,1.2539670921847542e-09
52,1,90,0.15587500001856824,21.110749999991185,16.92483399995126,2.718875000027765,9.582000000023072,1.570875000027172,5.628611942650048e-10
52,1,91,0.15500000000656655,21.11645799999451,17.264082999986385,2.762542000027679,9.708791999969435,1.5752090000091812,5.959566748079852e-10
52,1,92,0.15766599995004071,21.68575000001738,16.882415999987188,2.7008339999952113,9.558665999975346,1.5816659999927651,1.6365252090150265e-09
52,1,93,0.16112499997689156,21.251290999998673,18.392500000004475,3.0010000000402215,10.343959000010727,1.5961670000024242,1.5099106304183753e-09
52,1,94,0.16350000004194953,21.890125000027183,18.75304100002495,3.0338750000282744,10.252042000047368,1.597415999981422,1.6493120008413425e-09
52,1,95,0.1760829999852831,21.0495420000143,17.17208299999129,2.7627910000092015,9.716083999990133,1.5941670000074737,1.1959647262141675e-09
52,1,96,0.15929199997799515,21.682708000014372,17.226042000004327,2.762249999989308,9.716874999980973,1.5762909999921249,6.929141438926614e-10
52,1,97,0.175833000014336,21.29141700004311,17.122959000005267,2.761416999987887,9.705790999987585,1.5962090000130047,1.3124055260783774e-09
52,1,98,0.15408299998398434,21.509874999992462,17.232333999970706,2.7965830000198366,9.701917000029425,1.5830829999572416,8.630426834961465e-10
52,1,99,0.19404200003236838,21.20608299998139,17.124707999983002,2.746917000024496,9.70941700001049,1.5983749999577412,8.727340794503015e-10
56,1,0,0.15941700002031212,21.297958999980438,16.99216700001216,2.743334000001596,9.603458000015053,1.5911250000044674,1.2089312328648774e-09
56,1,1,0.14933400001382324,21.610874999964835,17.23912500000324,2.755333999971299,9.727084000019204,1.5834999999810861,1.3555862945208379e-09
56,1,2,0.15341699997861724,21.1735830000066,16.919625000014094,2.9244170000310987,9.543791999988116,1.5572919999726764,9.367165979398647e-10
56,1,3,0.15637500001730587,22.109499999999116,17.215167000017573,2.743082999984381,9.732332999988103,1.587208999978884,5.720792713468358e-09
56,1,4,0.18099999999776628,21.35787499997832,17.183708999993996,2.7482500000246546,9.69724999998789,1.593124999999418,1.0972880691599533e-09
56,1,5,0.15441599998666788,20.96208399996158,17.232208999985232,2.7745410000079573,9.756499999980406,1.588832999971146,8.888047366192766e-10
56,1,6,0.16158399995447326,21.083207999993192,17.032291000020905,2.746708000017861,9.705333999988852,1.5773330000001806,8.942871207171306e-10
56,1,7,0.17804100002649648,22.600417000035122,17.13083300001017,2.7815830000008646,9.737666999967587,1.5916659999675176,5.715829106051925e-10
56,1,8,0.15595799999346127,22.00174999995852,17.222500000002583,2.7471249999848624,9.678749999977754,1.5802089999965574,7.39468353839917e-10
56,1,9,0.1567089999525706,21.6270000000236,17.03641599999628,2.7672500000335276,9.678249999979016,1.5789999999924476,8.973235550086016e-10
56,1,10,0.16149999999015563,21.657124999990174,19.054792000019916,3.1688750000284927,9.89395900001,1.627292000023317,1.9994204023537174e-09
56,1,11,0.21054199999070988,21.27208300004213,17.253459000016846,2.7513330000488168,9.717582999996921,1.583165999988978,1.1433130124181134e-09
56,1,12,0.1564579999921989,21.286583999994946,16.96679200000517,2.7445000000057007,9.759625000015149,1.5873749999855136,1.3163896460238006e-09
56,1,13,0.1604999999926804,21.0907080000311,17.022083000028942,2.732541999989735,9.70404200000985,1.5817500000139262,1.6504569703681155e-09
56,1,14,0.15320900001825066,21.622541999988698,16.87570799998639,2.751375000002554,9.727124999983516,1.5880000000265682,2.198518610312072e-09
56,1,15,0.16237500000215732,21.957957999973132,17.18599999998105,2.7617089999694144,9.735750000004373,1.578374999951393,5.073889171812903e-10
56,1,16,0.15333300001429961,21.526999999991858,17.124874999979056,2.7266670000472004,9.710750000010648,1.584791999960089,1.0226259941507203e-09
56,1,17,0.1569169999697806,21.732584000005772,17.24529200004099,2.7907080000204587,9.69429100001662,1.581500000042979,5.197602946399167e-10
56,1,18,0.16383300004463308,21.35333400002537,17.111958999976196,2.7747080000040114,9.677749999980279,1.5837079999982961,3.245806056253632e-09
56,1,19,0.15629099999614482,21.46983399995861,17.20450000004803,2.76149999996278,9.711207999998805,1.593042000024525,1.5449625020467492e-09
56,1,20,0.15450000000782893,21.310416000005716,16.930542000011428,2.7300830000172027,9.686583000018345,1.5858329999787202,8.067960956916944e-10
56,1,21,0.1578339999923628,21.358790999954635,16.9037919999937,2.7456249999886495,9.788458999992145,1.574666999999863,2.310600403053032e-09
56,1,22,0.19100000002936213,22.10370799997463,17.6813340000308,2.726250000023356,9.68174999997018,1.5752090000091812,1.5058129157335492e-09
56,1,23,0.17087499998069688,21.288707999985945,16.947000000016033,2.7219589999845084,9.683458999973027,1.5857090000395146,5.818268840649564e-10
56,1,24,0.15116700001271965,21.03266699998585,17.24050000001398,2.7172089999680793,9.677666999948542,1.5899999999646752,7.612730134274455e-10
56,1,25,0.158749999968677,21.388291999983267,17.23083299998507,2.7922080000166716,9.736416999999165,1.5919589999953132,8.255190259721519e-10
56,1,26,0.15875000002552042,21.35787499997832,17.21695800000589,2.695417000040834,9.53304099999741,1.5593329999887828,6.347338265622277e-10
56,1,27,0.1546250000501459,21.722917000033704,19.0178330000208,3.0638329999987945,10.44675000002826,1.6000839999605887,5.641491646325939e-10
56,1,28,0.1596249999806787,21.513624999954573,17.123416999993424,2.7362089999769523,9.739041999978326,1.5871660000357224,1.471022522091267e-09
56,1,29,0.16991699999380216,21.322915999974157,17.186791000028734,2.7969580000331007,9.678916999973808,1.5735420000169142,1.4622470867625194e-09
56,1,30,0.1575840000214157,21.351207999998678,17.212541999981568,2.768916999968951,9.96983300001375,1.7399999999838656,5.442977123054584e-09
56,1,31,0.17283299996506685,22.275165999985802,17.349583999987317,2.7199999999538704,9.5481249999807,1.6164169999797195,7.759678397247782e-10
56,1,32,0.16616700003169171,21.669292000012774,17.14904100003878,2.778374999991229,9.761374999982309,1.5971659999536314,1.0840761591760521e-09
56,1,33,0.15929199997799515,21.578833999967628,16.921333000027516,2.7172079999786547,9.69924999998284,1.587124999957723,6.219975287851774e-10
56,1,34,0.16158299996504866,21.793958999978713,16.975541000022076,2.842417000010755,9.69570899997052,1.5867079999907219,1.0279609186423787e-09
56,1,35,0.16037500000720684,21.457207999958428,17.095707999999377,2.698916999975154,9.545500000001539,1.584750000006352,1.6308596223138689e-09
56,1,36,0.15837500001225635,20.987042000001566,17.03616599996849,2.78216699996392,9.721333000015875,1.5904580000096757,3.198430682027964e-09
56,1,37,0.16554100000121252,21.235042000000703,17.04779200002804,2.7476249999836,9.710167000037018,1.6125420000321355,6.111352960545376e-09
56,1,38,0.1566669999988335,21.990958999992927,17.210583999997198,2.767292000044108,9.724207999965984,1.5750000000025466,6.565496464829216e-10
56,1,39,0.17374999998764906,21.765209000022878,17.34387499999457,2.747791999979654,9.685792000027504,1.5620419999891055,9.578026555886857e-10
56,1,40,0.1776250000489199,21.31854200001726,16.999124999983906,2.754415999959292,9.503124999980628,1.5805830000203969,1.3777842491370332e-09
56,1,41,0.17074999999522333,24.374041999976725,17.357583000034538,2.778500000033546,9.678749999977754,1.5925000000152068,1.5078928882432587e-09
56,1,42,0.16024999996488987,21.642750000012256,17.14495800001714,2.7634169999828373,9.710999999981595,1.5944170000352642,3.2842693352687364e-09
56,1,43,0.15824999996993938,21.483625000030315,17.199875000017073,2.789791999987301,9.691042000042671,1.5882910000186712,6.8665141451984e-10
56,1,44,0.15087500003119203,22.104040999977315,18.793583000046965,2.761625000005097,9.693416000004618,1.5992920000371669,1.0814493144134692e-09
56,1,45,0.15925000002425804,20.985334000044986,17.064374999961274,2.7599160000022493,9.667458000023998,1.5903340000136268,9.11494924981536e-10
56,1,46,0.19691700003932056,21.50854100000288,17.224833000000217,2.7786669999727565,9.692416999996567,1.5938749999691026,1.8765353952246967e-09
56,1,47,0.19487500003378955,20.98883299998988,17.086791999986417,2.7587080000444075,9.673208999970484,1.6158750000272448,4.013564400717488e-09
56,1,48,0.15899999999646752,21.361167000009118,17.190833000029215,2.766000000008262,9.816250000028504,1.5866659999801414,1.317501016193139e-09
56,1,49,0.15266700000893252,20.957333000012568,16.9333750000078,2.6846670000395534,9.6458749999897,1.6098329999749694,2.0861712949293858e-09
56,1,50,0.17616700000644414,21.43679100004192,17.2312090000446,2.7598749999810934,9.70383399999264,1.5845830000102978,1.7724504824236194e-09
56,1,51,0.16037500000720684,21.16316699999743,17.087500000002365,2.7445410000268566,9.695749999991676,1.580624999974134,5.942115485423795e-10
56,1,52,0.15300000001161607,21.315582999989147,16.955250000023625,2.698000000009415,9.699332999957733,1.5869169999973565,2.5628893354177312e-09
56,1,53,0.1535000000103537,21.3682080000126,17.245125000044936,2.751958000033028,9.700291999990895,1.5997499999684806,2.4719798555810975e-09
56,1,54,0.16112500003373498,21.375457999965874,16.866333999985272,2.7282919999720434,9.70312500004411,1.5775830000279711,1.1939494416844683e-09
56,1,55,0.16587499999332067,21.635833000004823,17.223415999978897,2.761709000026258,9.712959000012233,1.5839580000260867,1.0565314123193095e-09
56,1,56,0.15695799999093651,23.25300000001107,17.22970800000212,2.7759579999724338,9.719375000031505,1.5770840000186581,1.4248084500775644e-09
56,1,57,0.177875000019867,21.440834000031828,17.24100000001272,2.745415999982015,9.734584000000268,1.5781249999804459,1.0163659869802047e-09
56,1,58,0.16154100001131155,22.098167000024205,17.196083000044382,2.7832499999931315,9.70124999997779,1.5718330000140668,5.444799768019451e-10
56,1,59,0.1740829999903326,21.545875000015258,17.19291599999906,2.750083999956132,9.735917000000427,1.5786249999791835,8.479326715814983e-10
56,1,60,0.15833399999110043,21.45316600001479,16.984583000009934,2.706125000031534,9.632582999984152,1.591334000011102,9.000983288385943e-10
56,1,61,0.17575000003944297,22.322874999986198,18.736875000001874,2.8368330000034803,9.674834000009014,1.5688750000322216,2.312346468191842e-09
56,1,62,0.16966699996601164,21.441917000004196,17.26537500002223,2.7612499999918327,9.72729199997957,1.589040999988356,6.758744497132025e-10
56,1,63,0.1751670000089689,21.867541000005986,17.211083999995935,2.7700830000298993,9.533708999981627,1.560124999969048,7.702517981177752e-10
56,1,64,0.15566700000135825,21.638291999977355,16.90770799996244,2.6948330000209353,9.534000000030574,1.5830840000035096,1.0323319647969407e-09
56,1,65,0.1627500000154214,21.949958000050174,17.222875000015847,2.7909159999808253,9.683250000023236,1.5867089999801465,8.866859273000505e-10
56,1,66,0.1654580000263195,21.757291999961126,17.13479200003576,2.7455420000137565,9.72862499997973,1.5770409999618096,1.4924147485314952e-09
56,1,67,0.15920800001367752,21.927708000021084,17.16025000001764,2.763749999985521,9.704415999976845,1.6024579999793787,7.049826848997301e-10
56,1,68,0.16137500000468208,22.038291999990633,17.239834000008614,2.743750000036016,9.757540999999037,1.5750840000237076,1.140060368613334e-09
56,1,69,0.23066600004995053,21.88991600002055,17.240749999984928,2.7525840000066637,9.562915999993038,1.5496659999598705,1.3059019212568545e-09
56,1,70,0.15233300001682437,21.03579199996375,17.17437500002461,2.760333000026094,9.73545900001227,1.5818329999888192,6.087066560912784e-10
56,1,71,0.15566600001193365,21.184375000018463,16.976499999998396,2.7435000000082255,9.726624999984779,1.593291999995472,6.820630094828539e-10
56,1,72,0.17004199997927572,21.042625000006865,17.01083400001835,2.751457999977447,9.747624999988602,1.5780830000267088,1.137824851954402e-09
56,1,73,0.17641700003423466,21.29541699997617,17.098790999966695,2.7610000000208856,9.705875000008746,1.5971669999998994,9.087206254054827e-10
56,1,74,0.1846669999849837,21.521582999980637,17.055166000034205,2.765207999971153,9.724083000037353,1.5985000000000582,9.627346689866493e-10
56,1,75,0.17950000000155342,22.3757499999806,18.16170899996905,2.7967079999484667,9.752125000034084,1.5946249999956308,6.896463362010299e-10
56,1,76,0.16204100001004917,21.74458299998605,17.20070900000792,2.7817499999969186,9.702459000038743,1.5898330000254646,6.917221557361007e-10
56,1,77,0.17512499999838838,21.763958000008188,17.23904200002835,2.7374169999916376,9.68358300002592,1.5903340000136268,1.2731172670921397e-09
56,1,78,0.1666250000198488,22.680250000007618,18.56070799999543,2.7465830000323876,9.698249999985364,1.5854999999760366,6.327035669078869e-10
56,1,79,0.1641249999693173,21.473458000002665,17.466208999962873,2.8083749999723295,9.71241600001349,1.589166999963254,1.8780144011715313e-09
56,1,80,0.1657089999866912,21.79783399998314,17.253666999977213,2.7787920000150734,9.750374999953237,1.588832999971146,6.100061666322861e-10
56,1,81,0.16587499999332067,21.697207999977763,17.358792000038648,2.749666999989131,9.695749999991676,1.5957499999785796,1.1371774655120366e-09
56,1,82,0.15358299998524672,21.477832999948987,17.206665999992765,2.7345000000309483,9.693624999954409,1.5933750000272084,5.735002378502332e-10
56,1,83,0.16812500001606168,20.930291999945894,17.13195799999312,2.7381670000181657,9.690791000025456,1.6081659999827025,9.33054549241159e-10
56,1,84,0.15633300000672534,21.408666000013454,17.21645900005342,2.749415999971916,9.771666000006007,1.5777499999671818,7.704772337631428e-10
56,1,85,0.16958399999111862,21.254582999972627,16.997790999994322,2.716332999966653,9.513958000013645,1.578833999985818,7.462231203807719e-10
56,1,86,0.16024999996488987,21.250000000009095,16.92099999996799,2.8202500000134023,9.536083999989842,1.5820000000417167,1.0169382877603767e-09
56,1,87,0.1852920000260383,22.004665999986628,17.853833999993185,2.780833999963761,9.69929199999342,1.5922080000336791,1.1058610786206867e-09
56,1,88,0.15491700003167352,21.582874999978685,17.20037500001581,2.788208999959352,9.696374999975887,1.612125000008291,6.591483635018727e-10
56,1,89,0.16716599998289894,21.322540999960893,17.26404199996523,2.754124999967189,9.724957999992512,1.9390420000036102,1.1812526944128835e-09
56,1,90,0.16720799999347946,21.634667000000718,17.30491700004677,2.8021249999596876,9.684708000008868,1.5869999999722495,7.39618632756765e-10
56,1,91,0.2079169999547048,21.522582999978113,17.196208000029856,2.7433749999659085,9.75149999999303,1.5742909999971744,1.2263649445841128e-08
56,1,92,0.16129200002978905,21.696207999980288,17.200457999990704,2.7797089999808122,9.529874999998356,1.5740829999799644,1.7947399562320018e-09
56,1,93,0.15891599997530648,21.482832999993207,17.24295799999709,2.7495830000248134,9.719542000027559,1.5804160000243428,7.151529333170505e-10
56,1,94,0.1560000000040418,20.99474999999984,17.035750000047756,2.779916999998022,9.720708000031664,1.5712079999730122,1.0664386311584762e-09
56,1,95,0.15845799998714938,23.248333000026378,17.083833000015147,2.7518750000012915,9.749292000037713,1.5940420000220001,2.5688857575160068e-09
56,1,96,0.15429100000119433,21.327750000011747,17.219957999998314,2.7070000000435357,9.694458000012673,1.590792000001784,1.7471930977734558e-09
56,1,97,0.17891700002792277,21.536792000006244,17.22841700001254,2.7470420000099693,9.763207999981205,1.578875000006974,1.0827565770935468e-09
56,1,98,0.18262500003629611,21.3826250000011,17.20712500002719,2.749291999975867,9.699166000018522,1.5825419999941914,2.1705443466044794e-09
56,1,99,0.1571669999975711,21.504124999978558,17.229417000010017,2.7655829999844173,9.528958000032617,1.5901659999713047,1.2023476456852774e-09
60,1,0,0.156709000009414,21.759916000007706,17.311874999961674,2.770791999978428,9.708166999985224,1.5802920000282938,2.393792967437404e-09
60,1,1,0.15650000000277942,21.26233299998148,17.08574999997836,2.773332999993272,9.726666000005935,1.5812919999689257,7.491686198311132e-10
60,1,2,0.19087499998704516,21.925042000020767,17.241083999977036,2.6931669999612495,9.591166000006979,1.6198329999497219,5.073691079504976e-09
60,1,3,0.1553330000092501,21.406542000022455,17.117541999994046,2.77045799998632,9.679333000008228,1.5909580000084134,9.852792200979036e-10
60,1,4,0.16158400001131668,21.79645800003982,17.21204199998283,2.741374999970958,9.747916000037549,1.5909170000441009,1.4250308856128648e-09
60,1,5,0.15966699999125922,21.640167000043675,17.313582999975097,2.7284159999680924,9.607416999983798,1.5985840000212193,9.934454697914512e-10
60,1,6,0.15520800002377655,21.337082999991708,16.904875000022912,2.697167000007994,9.575666999978694,1.5759170000251288,1.157474829005512e-09
60,1,7,0.1575840000214157,21.59799999998313,17.274416000020665,2.754458000026716,9.69391699999278,1.6010830000254828,8.622689394776674e-10
60,1,8,0.1603329999966263,21.56037499997865,17.053874999987784,2.7488329999982852,9.733000000039738,1.5896660000294105,1.5375161405343418e-09
60,1,9,0.1735839999810196,22.295666999980313,18.767916000001605,2.698000000009415,9.67008300000316,1.5879160000054071,9.413188014721257e-10
60,1,10,0.16183399998226378,22.572000000025128,17.438541999979407,2.7369590000034805,9.639166999988902,1.6158330000166643,5.870723638744665e-10
60,1,11,0.16612499996426777,21.229833000006693,17.10374999998976,2.752125000029082,9.681916999966234,1.5820830000166097,1.0482374346225181e-09
60,1,12,0.1738749999731226,23.967749999997068,17.20666699998219,2.749875000006341,9.74458300004244,1.6007910000439551,7.356012012790479e-10
60,1,13,0.16987499998322164,21.387709000009636,17.001915999969697,2.765624999994998,9.692791000020406,1.5994170000226404,1.505646397637849e-09
60,1,14,0.16362500002742308,21.477749999974094,16.906709000011233,2.694665999968038,9.646250000002965,1.5889580000134629,2.543432317315732e-09
60,1,15,0.1716249999503816,22.714583000038147,17.517916999963745,2.786375000027874,9.722374999967087,1.6321250000146392,2.4238872845904776e-09
60,1,16,0.17500000001291482,21.745833000011316,17.34587499998952,2.768749999972897,9.728625000036573,1.593749999983629,8.712221325237014e-10
60,1,17,0.17083400001638438,21.422957999959635,17.267500000002656,2.7533330000437672,9.712917000001653,1.5821250000271903,1.3750426891133352e-09
60,1,18,0.1677909999671101,21.42424999999548,17.149582999991253,2.767000000005737,9.732750000011947,1.5867910000224583,1.4433834085496522e-09
60,1,19,0.1571669999975711,21.340457999997398,17.045666000001347,2.7506670000434497,9.709124999972119,1.5964579999945272,2.7256124068780767e-09
60,1,20,0.15754099996456716,21.26766700001781,17.21450000002278,2.793416999963938,9.677791000001434,1.5990420000093764,9.504657423098914e-09
60,1,21,0.16154100001131155,21.530750000010812,16.96441600000753,2.6945420000288323,9.71854100004066,1.5940829999863126,1.5693505282298987e-09
60,1,22,0.15945900003089264,21.589375000019118,17.122583000002578,2.776499999981752,9.675874999970802,1.6094169999973928,8.567834942881338e-10
60,1,23,0.15650000000277942,21.38266700001168,17.848167000011017,3.0246250000232067,10.131124999986696,1.5918340000098397,6.735530744729854e-10
60,1,24,0.16179199997168325,21.51333300002989,17.304207999984555,2.746791999982179,9.706083999958537,1.5830410000035045,9.934847051712786e-10
60,1,25,0.16158400001131668,21.248958999990464,17.202083000029234,2.758707999987564,9.732209000048897,1.5882499999975153,8.028920970178437e-10
60,1,26,0.15945900003089264,21.221083000000363,17.229999999983647,2.7510419999998703,9.687957999972241,1.5950410000300508,7.440222127081096e-10
60,1,27,0.15541599998414313,21.465917000000445,17.277166999974725,2.7687500000297405,9.725582999976723,1.5939589999902637,8.694785813093823e-10
60,1,28,0.15512500004888352,21.383667000009154,16.92870900001253,2.7560419999872465,9.960166999974263,1.773582999987866,1.2010818829521289e-09
60,1,29,0.1643749999971078,22.68925000004174,17.223500000000058,2.764124999998785,9.681041999954232,1.582708000000821,3.118682135900831e-09
60,1,30,0.1573750000147811,24.95191700000987,17.939166000019213,2.802459000008639,9.646499999973912,1.6045419999954902,8.683231652876722e-10
60,1,31,0.17566700000770652,21.824332999983653,17.03391700004886,2.7570830000058777,9.711041000002751,1.58745800001725,1.6502754202675612e-09
60,1,32,0.16712500001858643,21.61412499998505,17.001166999989437,2.7566669999714577,9.524166999995032,1.5625409999984186,2.726259407873354e-09
60,1,33,0.16937500004132744,21.160500000007687,17.0011250000357,2.7522919999682927,9.70479099999011,1.6196669999999358,1.4018593526854222e-09
60,1,34,0.16004099995825527,21.522416000038902,17.2379170000454,2.763082999990729,9.709500000042226,1.5869169999973565,6.75177210479304e-10
60,1,35,0.19199999996999395,21.63262500005203,17.32145800002627,2.7183340000078715,9.65816600000835,1.5898329999686212,1.2941187642574013e-09
60,1,36,0.186458000030143,21.533916999999292,17.3046250000084,2.7509169999575533,9.723459000042567,1.5764999999987594,1.3350523842563266e-09
60,1,37,0.1963750000300024,21.532666000041445,17.184208999992734,2.763041000036992,9.741292000001067,1.585207999994509,1.3532241691745043e-09
60,1,38,0.19137499998578278,21.843957999976737,17.19412500000317,2.769042000011268,9.672582999996848,1.5943750000246837,2.4151433906887747e-09
60,1,39,0.15854100001888582,21.342333000006874,17.253166999978475,2.7991670000346858,9.710874999996122,1.5904580000096757,4.9038119953496204e-09
60,1,40,0.1582919999805199,21.370375000003605,17.085916000041834,2.8009170000018457,9.995333000006212,1.5958750000208966,2.011407380773998e-09
60,1,41,0.1580829999738853,22.05895800000235,17.200042000013127,2.732917000002999,9.776875000000018,1.5802500000177133,6.908249809530241e-10
60,1,42,0.16737499998953353,22.095084000000043,17.339208000009876,2.7572909999662443,9.739749999994274,1.5904169999885198,7.776515992091768e-09
60,1,43,0.19887500002369052,22.98087500003021,16.995667000003323,2.7056669999865335,9.51816700001018,1.5635409999958938,1.8548540148704733e-09
60,1,44,0.15999999999394277,21.343208000018876,17.10341599999765,2.753874999996242,9.766541999965739,1.5859580000210372,7.86229607697237e-10
60,1,45,0.15966700004810264,21.554374999993797,17.52866700002187,3.1943330000103742,10.56862499996214,1.6004590000306962,9.53547303834188e-10
60,1,46,0.16337499999963256,21.09224999998105,17.302458000017396,2.767875000017739,9.758332999979302,1.600290999988374,3.4060105143800933e-09
60,1,47,0.156707999963146,21.72675000002755,17.221791999986635,2.712250000001859,9.520833000010498,1.568707999979324,1.2126331294600244e-09
60,1,48,0.15791700002409925,21.306458000026396,17.2700410000175,2.7454579999925954,9.725333000005776,1.6024999999899592,1.6058665178245966e-09
60,1,49,0.15508299998145958,21.772999999996046,17.203707999954077,2.7472919999809164,9.751083000026028,1.5776250000385517,2.4323174312912873e-09
60,1,50,0.15654200001335994,21.59520899999734,17.180791000043882,2.7559160000123484,9.718708000036713,1.5938340000047901,1.3602935724084733e-09
60,1,51,0.16270899999426547,22.46274999998832,17.20612499997287,2.7608339999574127,9.772374999954536,1.584750000006352,6.811800522918807e-10
60,1,52,0.1620840000100543,21.5789589999531,17.30020899998408,2.816958000039449,9.749416000033762,1.5994999999975335,6.953218071646989e-10
60,1,53,0.15495799999598603,21.08729100001483,17.303625000010925,2.7689170000257946,9.690250000005562,1.5981250000436376,7.491218797758598e-10
60,1,54,0.15287500002614252,21.623750000003383,17.216875000030996,2.7422499999829597,9.715041999982077,1.591082999993887,1.0897390013136562e-09
60,1,55,0.16304100000752442,21.51937500002532,17.217749999986154,2.7646249999975225,9.679000000005544,1.5955000000076325,1.527631417498249e-09
60,1,56,0.15433300001177486,21.09325000003537,17.044542000007823,2.743750000036016,9.735916000011002,1.5752909999946496,7.907465619063955e-10
60,1,57,0.16025000002173329,23.442125000030956,17.323540999996112,2.739334000011695,9.720458000003873,1.593458999991526,5.594353923787393e-09
60,1,58,0.16062499997815394,21.445958000015253,17.17550000000756,2.752958000030503,9.747957999991286,1.593708000029892,6.163053623648605e-10
60,1,59,0.1557500000330947,21.884416000034435,17.223666999996112,2.7417079999736416,9.738499999969008,1.5811249999728716,6.016793770907935e-10
60,1,60,0.16070800000989038,21.35229100002789,17.104249999988497,2.8065409999840085,9.72749999999678,1.5875000000278305,1.100801827624307e-09
60,1,61,0.154667000003883,21.548957999982576,16.968957999949907,2.722500000004402,9.745791000000281,1.5873749999855136,1.6557380181223765e-09
60,1,62,0.1537919999918813,21.106541999984074,18.32620800001905,2.9913749999650463,10.628540999960023,1.7009579999580637,5.16081766523743e-10
60,1,63,0.1645830000143178,21.338749999983975,17.24470799996425,2.7772909999725925,9.732124999970893,1.5985000000000582,1.3755132925183017e-09
60,1,64,0.1604999999926804,21.40162500000997,18.36924999997791,3.0100839999818163,10.05920900001911,1.6127920000030826,1.5962410634807971e-09
60,1,65,0.16220800000610325,21.743416999981946,17.241749999982403,2.7901249999899846,9.736665999980687,1.5902089999713098,1.2026652432702884e-09
60,1,66,0.1634590000207936,21.49050000002717,17.20041700002639,2.744000000006963,9.706584000014118,1.585583000007773,1.0319366096946575e-09
60,1,67,0.15233299995998095,21.183167000003778,17.107249999980922,2.735334000021794,9.696542000028785,1.603832999990118,5.961067667981478e-10
60,1,68,0.15866699999378397,21.376165999981822,17.17612499999177,2.7413750000278014,9.7442090000186,1.5849590000129865,1.5993494656330805e-09
60,1,69,0.15537500001983062,21.649874999980057,17.33283300001176,2.738125000007585,9.711541000001489,1.5903750000347827,3.4960151137617354e-09
60,1,70,0.16095899997026208,22.012207999978273,17.165832999978647,2.785249999988082,9.742042000027595,1.595499999950789,1.304534301395337e-09
60,1,71,0.16020800001115276,21.697833000018818,17.11295899997367,2.695749999986674,9.578750000002856,1.593124999999418,6.863361094844478e-10
60,1,72,0.16045899997152446,21.47779099999525,17.25712500001464,2.7799589999517593,9.704957999986163,1.5758339999933924,7.785208511772886e-09
60,1,73,0.184208000007402,21.47558299998309,17.19562499999938,2.7443749999633837,9.729332999995677,1.5733750000208602,1.9481895544583223e-09
60,1,74,0.17458299998907023,21.92829199998414,17.234416999997393,2.7544590000161406,9.68000000000302,1.5980000000013206,1.2254554850572083e-09
60,1,75,0.15974999996615225,21.56066700001702,17.34583299997894,2.7289579999774105,9.622125000021242,1.5735829999812267,1.6000143086821037e-09
60,1,76,0.15220800003135082,21.45191699997895,17.151624999996784,2.7423329999578527,9.705666999991536,1.595167000004949,2.039055130975466e-09
60,1,77,0.17329199999949196,23.333000000036463,17.23908299999266,2.7705829999717935,9.724333999997725,1.5929159999927833,1.5660910467192545e-09
60,1,78,0.16045900002836788,21.287667000024157,17.099625000014385,2.7399169999853257,9.706417000018064,1.5982499999722677,6.66855256005279e-10
60,1,79,0.14974999999139982,22.229499999980362,18.874832999983937,2.786165999964396,9.735540999997738,1.574959000038234,9.754601127303318e-10
60,1,80,0.16170899999679023,21.329125000022486,16.987292000010257,2.7541250000240325,9.751665999999659,1.6005420000055892,6.451043168014714e-10
60,1,81,0.19424999999273496,21.87166599998136,17.222916999969584,2.7485410000167576,9.693166999966252,1.5992090000054304,6.330091961316454e-10
60,1,82,0.1562080000212518,21.044625000001815,16.934875000004013,2.685874999997395,9.736625000016375,1.5949159999877338,1.0453470733444574e-09
60,1,83,0.19091600000820108,21.379167000020516,17.239749999987453,2.7361670000232152,9.694208999974308,1.6017500000202745,1.0343946276230522e-09
60,1,84,0.1568750000160435,21.451500000011947,17.226416000028166,2.7364160000047377,9.73791700005222,1.589374999980464,6.683319236537449e-10
60,1,85,0.16862499995795588,21.353957999963313,17.2894589999828,2.755791999959456,9.707290999983798,1.5849160000129814,3.2020316289507896e-09
60,1,86,0.15683300000546296,21.551958999964427,17.116999999984728,2.7532909999763433,9.742582999990645,1.5906670000163103,1.620483372086834e-09
60,1,87,0.16629100002774067,21.433375000015076,17.384457999980896,2.763000000015836,9.732208000002629,1.5911250000044674,1.032820112824586e-09
60,1,88,0.16475000001037188,21.527707999950962,17.19220799998311,2.8051249999521133,9.700124999994841,1.578790999985813,1.6626267462829161e-09
60,1,89,0.1629580000326314,21.454708000021583,17.222874999959004,2.740749999986747,9.718667000015557,1.6191660000117736,1.4402282168519152e-09
60,1,90,0.1576249999857282,22.023958000033872,17.289291999986744,3.442291999988356,10.633374999997613,1.6011660000003758,2.15234728809482e-09
60,1,91,0.15408299998398434,21.379582999998092,17.255791000025056,2.763749999985521,9.751624999978503,1.5979169999695841,6.161597861214451e-10
60,1,92,0.16058300002441683,21.413166999991518,17.242707999969298,2.7452499999753854,9.717292000004818,1.587000000029093,1.9831740940974786e-09
60,1,93,0.19062500001609806,21.537791000014295,17.264000000011492,2.788416999976562,9.709167000039542,1.5864169999986188,6.69779526326855e-10
60,1,94,0.161208000008628,21.57933400002321,17.273625000029824,2.749209000000974,9.708999999986645,1.5850000000341424,4.2769794828739915e-09
60,1,95,0.15633299994988192,21.649167000020952,17.128458000001956,2.778624999962176,9.686832999989292,1.5865419999840924,1.3927142834029268e-09
60,1,96,0.15754200001083518,23.81404099998008,17.283874999975524,2.7420000000120126,9.766042000023845,1.5893750000373075,6.745810306550562e-10
60,1,97,0.1584999999977299,21.81208299998616,17.244833000006565,2.7462499999728607,9.742042000027595,1.6004999999950087,9.969820787411363e-10
60,1,98,0.1684169999975893,21.67454200002794,17.049915999962195,2.735540999992736,9.480874999951538,1.5630000000328437,3.9205009650156175e-09
60,1,99,0.17558299998654547,22.219582999980503,17.359208000016224,2.7419159999908516,9.836333000009745,1.603540999951747,8.111780456829496e-10
